Violation_ID,Project_SLUG,SHA,Notes
1,eclipse/jetty.project.git,df1f709ea2f883ffb7f0a87d63aac506ae3fedd5,N/A
2,eclipse/jetty.project.git,df1f709ea2f883ffb7f0a87d63aac506ae3fedd5,N/A
3,Cue/lucene-interval-fields.git,8f8bff6d0011df7d6efad65e37d4b14ca9fea010,N/A
4,Cue/lucene-interval-fields.git,8f8bff6d0011df7d6efad65e37d4b14ca9fea010,N/A
5,Cue/lucene-interval-fields.git,8f8bff6d0011df7d6efad65e37d4b14ca9fea010,N/A
6,Cue/lucene-interval-fields.git,8f8bff6d0011df7d6efad65e37d4b14ca9fea010,N/A
7,Cue/lucene-interval-fields.git,8f8bff6d0011df7d6efad65e37d4b14ca9fea010,N/A
8,EsotericSoftware/yamlbeans.git,2ccfbd9d57d21e821fcfa118c5ac197d5faab8df,N/A
9,EsotericSoftware/yamlbeans.git,2ccfbd9d57d21e821fcfa118c5ac197d5faab8df,N/A
10,EsotericSoftware/yamlbeans.git,2ccfbd9d57d21e821fcfa118c5ac197d5faab8df,N/A
11,EsotericSoftware/yamlbeans.git,2ccfbd9d57d21e821fcfa118c5ac197d5faab8df,N/A
12,EsotericSoftware/yamlbeans.git,2ccfbd9d57d21e821fcfa118c5ac197d5faab8df,N/A
13,Esri/spatial-framework-for-hadoop.git,c644814bc1702c4cd957a39fb9fa35308f5b24bf,N/A
14,Esri/spatial-framework-for-hadoop.git,c644814bc1702c4cd957a39fb9fa35308f5b24bf,N/A
15,IvanTrendafilov/Confucius.git,2c3028782eaaf2337bde558b4a700210a10f543e,N/A
16,JSQLParser/JSqlParser.git,001d665d32c6df5a136b1955f4413e6648064811,N/A
17,LogBlock/LogBlock-2.git,40548aad551c3ec59a72433937afeaa40a052cb4,N/A
18,OpenGamma/ElSql.git,db6c6d0741499c55b7c457e5eb9cebbf2df24a98,N/A
19,OpenGamma/ElSql.git,db6c6d0741499c55b7c457e5eb9cebbf2df24a98,N/A
20,OpenGamma/ElSql.git,db6c6d0741499c55b7c457e5eb9cebbf2df24a98,N/A
21,OpenGamma/ElSql.git,db6c6d0741499c55b7c457e5eb9cebbf2df24a98,N/A
22,OpenGamma/ElSql.git,db6c6d0741499c55b7c457e5eb9cebbf2df24a98,N/A
23,OpenGamma/ElSql.git,db6c6d0741499c55b7c457e5eb9cebbf2df24a98,N/A
24,OpenGamma/ElSql.git,db6c6d0741499c55b7c457e5eb9cebbf2df24a98,N/A
25,OpenGamma/ElSql.git,db6c6d0741499c55b7c457e5eb9cebbf2df24a98,N/A
26,OpenGamma/ElSql.git,db6c6d0741499c55b7c457e5eb9cebbf2df24a98,N/A
27,Ovea/jetty-session-redis.git,afb2b25b77d45e613fda1aac9bc72ddea9327b7a,N/A
28,Ovea/jetty-session-redis.git,afb2b25b77d45e613fda1aac9bc72ddea9327b7a,N/A
29,Ovea/jetty-session-redis.git,afb2b25b77d45e613fda1aac9bc72ddea9327b7a,N/A
30,Ovea/jetty-session-redis.git,afb2b25b77d45e613fda1aac9bc72ddea9327b7a,N/A
31,Thomas-S-B/visualee.git,410a80f0f4774b093c3689d0e0c75bc46c78688e,N/A
32,Thomas-S-B/visualee.git,410a80f0f4774b093c3689d0e0c75bc46c78688e,N/A
33,Thomas-S-B/visualee.git,410a80f0f4774b093c3689d0e0c75bc46c78688e,N/A
34,Thomas-S-B/visualee.git,410a80f0f4774b093c3689d0e0c75bc46c78688e,N/A
35,Thomas-S-B/visualee.git,410a80f0f4774b093c3689d0e0c75bc46c78688e,N/A
36,Thomas-S-B/visualee.git,410a80f0f4774b093c3689d0e0c75bc46c78688e,N/A
37,Thomas-S-B/visualee.git,410a80f0f4774b093c3689d0e0c75bc46c78688e,N/A
38,Thomas-S-B/visualee.git,410a80f0f4774b093c3689d0e0c75bc46c78688e,N/A
39,Thomas-S-B/visualee.git,410a80f0f4774b093c3689d0e0c75bc46c78688e,N/A
40,Thomas-S-B/visualee.git,410a80f0f4774b093c3689d0e0c75bc46c78688e,N/A
41,Thomas-S-B/visualee.git,410a80f0f4774b093c3689d0e0c75bc46c78688e,N/A
42,Thomas-S-B/visualee.git,410a80f0f4774b093c3689d0e0c75bc46c78688e,N/A
43,Thomas-S-B/visualee.git,410a80f0f4774b093c3689d0e0c75bc46c78688e,N/A
44,ahmetaa/zemberek-nlp.git,045f2c97d71a3bef3fcd34fef3553df8a180ffe2,N/A
45,ahmetaa/zemberek-nlp.git,045f2c97d71a3bef3fcd34fef3553df8a180ffe2,N/A
46,ahmetaa/zemberek-nlp.git,045f2c97d71a3bef3fcd34fef3553df8a180ffe2,N/A
47,algesten/jsondiff.git,e71b57939c9874f208971aa7fa4032be5664905a,N/A
48,algesten/jsondiff.git,e71b57939c9874f208971aa7fa4032be5664905a,N/A
49,algesten/jsondiff.git,e71b57939c9874f208971aa7fa4032be5664905a,N/A
50,algesten/jsondiff.git,e71b57939c9874f208971aa7fa4032be5664905a,N/A
51,algesten/jsondiff.git,e71b57939c9874f208971aa7fa4032be5664905a,N/A
52,algesten/jsondiff.git,e71b57939c9874f208971aa7fa4032be5664905a,N/A
53,algesten/jsondiff.git,e71b57939c9874f208971aa7fa4032be5664905a,N/A
54,andrerigon/jax-ws-client.git,a9b40e4b89b4b1fcfabac7e7af8807125048915c,N/A
55,andrerigon/jax-ws-client.git,a9b40e4b89b4b1fcfabac7e7af8807125048915c,N/A
56,andrerigon/jax-ws-client.git,a9b40e4b89b4b1fcfabac7e7af8807125048915c,N/A
57,andrerigon/jax-ws-client.git,a9b40e4b89b4b1fcfabac7e7af8807125048915c,N/A
58,apache/gora.git,bb09d8916736e3e572eef2cb5e79fe11c80ad1de,N/A
59,apache/gora.git,bb09d8916736e3e572eef2cb5e79fe11c80ad1de,N/A
60,apache/gora.git,bb09d8916736e3e572eef2cb5e79fe11c80ad1de,N/A
61,apache/gora.git,bb09d8916736e3e572eef2cb5e79fe11c80ad1de,N/A
62,apache/gora.git,bb09d8916736e3e572eef2cb5e79fe11c80ad1de,N/A
63,apache/gora.git,bb09d8916736e3e572eef2cb5e79fe11c80ad1de,N/A
64,apache/gora.git,bb09d8916736e3e572eef2cb5e79fe11c80ad1de,N/A
65,apache/gora.git,bb09d8916736e3e572eef2cb5e79fe11c80ad1de,N/A
66,apache/gora.git,bb09d8916736e3e572eef2cb5e79fe11c80ad1de,N/A
67,apache/gora.git,bb09d8916736e3e572eef2cb5e79fe11c80ad1de,N/A
68,apache/gora.git,bb09d8916736e3e572eef2cb5e79fe11c80ad1de,N/A
69,apache/gora.git,bb09d8916736e3e572eef2cb5e79fe11c80ad1de,N/A
70,apache/gora.git,bb09d8916736e3e572eef2cb5e79fe11c80ad1de,N/A
71,apache/gora.git,bb09d8916736e3e572eef2cb5e79fe11c80ad1de,N/A
72,apache/gora.git,bb09d8916736e3e572eef2cb5e79fe11c80ad1de,N/A
73,apache/gora.git,bb09d8916736e3e572eef2cb5e79fe11c80ad1de,N/A
74,srt/asterisk-java.git,b07617fe185d57dd38980993e1934d68e7e6c0c6,N/A
75,apache/commons-bcel.git,24014e5eabb321adf276f90599bddedb018e88aa,N/A
76,apache/commons-bcel.git,24014e5eabb321adf276f90599bddedb018e88aa,N/A
77,apache/commons-bcel.git,24014e5eabb321adf276f90599bddedb018e88aa,N/A
78,apache/commons-bcel.git,24014e5eabb321adf276f90599bddedb018e88aa,N/A
79,beckchr/staxon.git,58d107b8cc806642fee5c5b5cf78de4e25e4d8f5,N/A
80,beckchr/staxon.git,58d107b8cc806642fee5c5b5cf78de4e25e4d8f5,N/A
81,beckchr/staxon.git,58d107b8cc806642fee5c5b5cf78de4e25e4d8f5,N/A
82,beckchr/staxon.git,58d107b8cc806642fee5c5b5cf78de4e25e4d8f5,N/A
83,beckchr/staxon.git,58d107b8cc806642fee5c5b5cf78de4e25e4d8f5,N/A
84,beckchr/staxon.git,58d107b8cc806642fee5c5b5cf78de4e25e4d8f5,N/A
85,beckchr/staxon.git,58d107b8cc806642fee5c5b5cf78de4e25e4d8f5,N/A
86,beckchr/staxon.git,58d107b8cc806642fee5c5b5cf78de4e25e4d8f5,N/A
87,beckchr/staxon.git,58d107b8cc806642fee5c5b5cf78de4e25e4d8f5,N/A
88,beckchr/staxon.git,58d107b8cc806642fee5c5b5cf78de4e25e4d8f5,N/A
89,beckchr/staxon.git,58d107b8cc806642fee5c5b5cf78de4e25e4d8f5,N/A
90,beckchr/staxon.git,58d107b8cc806642fee5c5b5cf78de4e25e4d8f5,N/A
91,beckchr/staxon.git,58d107b8cc806642fee5c5b5cf78de4e25e4d8f5,N/A
92,beckchr/staxon.git,58d107b8cc806642fee5c5b5cf78de4e25e4d8f5,N/A
93,beckchr/staxon.git,58d107b8cc806642fee5c5b5cf78de4e25e4d8f5,N/A
94,beckchr/staxon.git,58d107b8cc806642fee5c5b5cf78de4e25e4d8f5,N/A
95,beckchr/staxon.git,58d107b8cc806642fee5c5b5cf78de4e25e4d8f5,N/A
96,beckchr/staxon.git,58d107b8cc806642fee5c5b5cf78de4e25e4d8f5,N/A
97,beckchr/staxon.git,58d107b8cc806642fee5c5b5cf78de4e25e4d8f5,N/A
98,beckchr/staxon.git,58d107b8cc806642fee5c5b5cf78de4e25e4d8f5,N/A
99,beckchr/staxon.git,58d107b8cc806642fee5c5b5cf78de4e25e4d8f5,N/A
100,beckchr/staxon.git,58d107b8cc806642fee5c5b5cf78de4e25e4d8f5,N/A
101,beckchr/staxon.git,58d107b8cc806642fee5c5b5cf78de4e25e4d8f5,N/A
102,beckchr/staxon.git,58d107b8cc806642fee5c5b5cf78de4e25e4d8f5,N/A
103,beckchr/staxon.git,58d107b8cc806642fee5c5b5cf78de4e25e4d8f5,N/A
104,beckchr/staxon.git,58d107b8cc806642fee5c5b5cf78de4e25e4d8f5,N/A
105,beckchr/staxon.git,58d107b8cc806642fee5c5b5cf78de4e25e4d8f5,N/A
106,beckchr/staxon.git,58d107b8cc806642fee5c5b5cf78de4e25e4d8f5,N/A
107,beckchr/staxon.git,58d107b8cc806642fee5c5b5cf78de4e25e4d8f5,N/A
108,beckchr/staxon.git,58d107b8cc806642fee5c5b5cf78de4e25e4d8f5,N/A
109,beckchr/staxon.git,58d107b8cc806642fee5c5b5cf78de4e25e4d8f5,N/A
110,beckchr/staxon.git,58d107b8cc806642fee5c5b5cf78de4e25e4d8f5,N/A
111,bpsm/edn-java.git,c1d891d6437f89af3a9c2cbc3c4e002556aa71b4,N/A
112,bpsm/edn-java.git,c1d891d6437f89af3a9c2cbc3c4e002556aa71b4,N/A
113,bucchi/OAuth2.0ProviderForJava.git,db5e1d06ddb51fe63dd30f17a4f1118e433d6b15,N/A
114,bucchi/OAuth2.0ProviderForJava.git,db5e1d06ddb51fe63dd30f17a4f1118e433d6b15,N/A
115,bucchi/OAuth2.0ProviderForJava.git,db5e1d06ddb51fe63dd30f17a4f1118e433d6b15,N/A
116,bucchi/OAuth2.0ProviderForJava.git,db5e1d06ddb51fe63dd30f17a4f1118e433d6b15,N/A
117,bucchi/OAuth2.0ProviderForJava.git,db5e1d06ddb51fe63dd30f17a4f1118e433d6b15,N/A
118,codahale/og.git,693c81154749c27dccb074073a0f0212fe5b481c,N/A
119,codahale/og.git,693c81154749c27dccb074073a0f0212fe5b481c,N/A
120,codahale/og.git,693c81154749c27dccb074073a0f0212fe5b481c,N/A
121,codahale/og.git,693c81154749c27dccb074073a0f0212fe5b481c,N/A
122,codahale/og.git,693c81154749c27dccb074073a0f0212fe5b481c,N/A
123,codahale/og.git,693c81154749c27dccb074073a0f0212fe5b481c,N/A
124,codahale/og.git,693c81154749c27dccb074073a0f0212fe5b481c,N/A
125,codahale/og.git,693c81154749c27dccb074073a0f0212fe5b481c,N/A
126,codahale/og.git,693c81154749c27dccb074073a0f0212fe5b481c,N/A
127,codahale/og.git,693c81154749c27dccb074073a0f0212fe5b481c,N/A
128,codahale/og.git,693c81154749c27dccb074073a0f0212fe5b481c,N/A
129,codahale/og.git,693c81154749c27dccb074073a0f0212fe5b481c,N/A
130,codahale/og.git,693c81154749c27dccb074073a0f0212fe5b481c,N/A
131,code4craft/jsoup-learning.git,2c0580fdd895cabedeb5eee14241bf511270dc61,N/A
132,code4craft/jsoup-learning.git,2c0580fdd895cabedeb5eee14241bf511270dc61,N/A
133,code4craft/jsoup-learning.git,2c0580fdd895cabedeb5eee14241bf511270dc61,N/A
134,codedance/silken.git,381532036e886220a7e9e2c5f47b9573fb5dd493,N/A
135,google/compile-testing.git,db256e040bdc1dab480a9687f45efb30169ce9a0,N/A
136,google/compile-testing.git,db256e040bdc1dab480a9687f45efb30169ce9a0,N/A
137,google/compile-testing.git,db256e040bdc1dab480a9687f45efb30169ce9a0,N/A
138,google/compile-testing.git,db256e040bdc1dab480a9687f45efb30169ce9a0,N/A
139,google/compile-testing.git,db256e040bdc1dab480a9687f45efb30169ce9a0,N/A
140,google/compile-testing.git,db256e040bdc1dab480a9687f45efb30169ce9a0,N/A
141,google/compile-testing.git,db256e040bdc1dab480a9687f45efb30169ce9a0,N/A
142,google/compile-testing.git,db256e040bdc1dab480a9687f45efb30169ce9a0,N/A
143,google/compile-testing.git,db256e040bdc1dab480a9687f45efb30169ce9a0,N/A
144,google/compile-testing.git,db256e040bdc1dab480a9687f45efb30169ce9a0,N/A
145,google/compile-testing.git,db256e040bdc1dab480a9687f45efb30169ce9a0,N/A
146,google/compile-testing.git,db256e040bdc1dab480a9687f45efb30169ce9a0,N/A
147,google/compile-testing.git,db256e040bdc1dab480a9687f45efb30169ce9a0,N/A
148,osiam/connector4java.git,e90425192ca7b77c24f3568ec06a8ac824c83d81,N/A
149,osiam/connector4java.git,e90425192ca7b77c24f3568ec06a8ac824c83d81,N/A
150,cybergarage/CyberLink4Java.git,9499b03f9cae05c04fce74e65af2730c11682d74,N/A
151,bucharest-jug/dropwizard-todo.git,40746322b13335ef6db2d7ec37093c524102e04c,N/A
152,bucharest-jug/dropwizard-todo.git,40746322b13335ef6db2d7ec37093c524102e04c,N/A
153,edanuff/CassandraCompositeType.git,6d09cceb93450dafab894b4a4bec17792d3bb0cb,N/A
154,edanuff/CassandraCompositeType.git,6d09cceb93450dafab894b4a4bec17792d3bb0cb,N/A
155,headius/invokebinder.git,b59f488b683b38726e8190ea0dfd9b2e6895a593,N/A
156,headius/invokebinder.git,b59f488b683b38726e8190ea0dfd9b2e6895a593,N/A
157,headius/invokebinder.git,b59f488b683b38726e8190ea0dfd9b2e6895a593,N/A
158,jbossas/jboss-dmr.git,c7d7c1f1f116eb4107c13b98985eaffff5ecf99b,N/A
159,jbossas/jboss-dmr.git,c7d7c1f1f116eb4107c13b98985eaffff5ecf99b,N/A
160,jbossas/jboss-dmr.git,c7d7c1f1f116eb4107c13b98985eaffff5ecf99b,N/A
161,jbossas/jboss-dmr.git,c7d7c1f1f116eb4107c13b98985eaffff5ecf99b,N/A
162,jbossas/jboss-dmr.git,c7d7c1f1f116eb4107c13b98985eaffff5ecf99b,N/A
163,jbossas/jboss-dmr.git,c7d7c1f1f116eb4107c13b98985eaffff5ecf99b,N/A
164,jetty-project/jetty-eventsource-servlet.git,74b37934c8a9b9c450082d5b154d098eb162c281,N/A
165,jetty-project/jetty-eventsource-servlet.git,74b37934c8a9b9c450082d5b154d098eb162c281,N/A
166,jmxtrans/embedded-jmxtrans.git,4f1ce2ccce17189ec36aaded7f7c9162fdaf44e6,N/A
167,jmxtrans/embedded-jmxtrans.git,4f1ce2ccce17189ec36aaded7f7c9162fdaf44e6,N/A
168,jmxtrans/embedded-jmxtrans.git,4f1ce2ccce17189ec36aaded7f7c9162fdaf44e6,N/A
169,jmxtrans/embedded-jmxtrans.git,4f1ce2ccce17189ec36aaded7f7c9162fdaf44e6,N/A
170,jmxtrans/embedded-jmxtrans.git,4f1ce2ccce17189ec36aaded7f7c9162fdaf44e6,N/A
171,jmxtrans/embedded-jmxtrans.git,4f1ce2ccce17189ec36aaded7f7c9162fdaf44e6,N/A
172,jmxtrans/embedded-jmxtrans.git,4f1ce2ccce17189ec36aaded7f7c9162fdaf44e6,N/A
173,jmxtrans/embedded-jmxtrans.git,4f1ce2ccce17189ec36aaded7f7c9162fdaf44e6,N/A
174,jmxtrans/embedded-jmxtrans.git,4f1ce2ccce17189ec36aaded7f7c9162fdaf44e6,N/A
175,jmxtrans/embedded-jmxtrans.git,4f1ce2ccce17189ec36aaded7f7c9162fdaf44e6,N/A
176,jmxtrans/embedded-jmxtrans.git,4f1ce2ccce17189ec36aaded7f7c9162fdaf44e6,N/A
177,jmxtrans/embedded-jmxtrans.git,4f1ce2ccce17189ec36aaded7f7c9162fdaf44e6,N/A
178,jmxtrans/embedded-jmxtrans.git,4f1ce2ccce17189ec36aaded7f7c9162fdaf44e6,N/A
179,jnr/jnr-posix.git,b2cc7b52a82b266c12db6f472ceb4c2360cda134,N/A
180,jnr/jnr-posix.git,b2cc7b52a82b266c12db6f472ceb4c2360cda134,N/A
181,jnr/jnr-posix.git,b2cc7b52a82b266c12db6f472ceb4c2360cda134,N/A
182,JodaOrg/joda-time.git,cc35fb2e6e106031fdbf1d1c2be5da6a9eb67c38,N/A
183,JodaOrg/joda-time.git,cc35fb2e6e106031fdbf1d1c2be5da6a9eb67c38,N/A
184,JodaOrg/joda-time.git,cc35fb2e6e106031fdbf1d1c2be5da6a9eb67c38,N/A
185,JodaOrg/joda-time.git,cc35fb2e6e106031fdbf1d1c2be5da6a9eb67c38,N/A
186,JodaOrg/joda-time.git,cc35fb2e6e106031fdbf1d1c2be5da6a9eb67c38,N/A
187,JodaOrg/joda-time.git,cc35fb2e6e106031fdbf1d1c2be5da6a9eb67c38,N/A
188,JodaOrg/joda-time.git,cc35fb2e6e106031fdbf1d1c2be5da6a9eb67c38,N/A
189,JodaOrg/joda-time.git,cc35fb2e6e106031fdbf1d1c2be5da6a9eb67c38,N/A
190,JodaOrg/joda-time.git,cc35fb2e6e106031fdbf1d1c2be5da6a9eb67c38,N/A
191,JodaOrg/joda-time.git,cc35fb2e6e106031fdbf1d1c2be5da6a9eb67c38,N/A
192,JodaOrg/joda-time.git,cc35fb2e6e106031fdbf1d1c2be5da6a9eb67c38,N/A
193,JodaOrg/joda-time.git,cc35fb2e6e106031fdbf1d1c2be5da6a9eb67c38,N/A
194,JodaOrg/joda-time.git,cc35fb2e6e106031fdbf1d1c2be5da6a9eb67c38,N/A
195,JodaOrg/joda-time.git,cc35fb2e6e106031fdbf1d1c2be5da6a9eb67c38,N/A
196,JodaOrg/joda-time.git,cc35fb2e6e106031fdbf1d1c2be5da6a9eb67c38,N/A
197,JodaOrg/joda-time.git,cc35fb2e6e106031fdbf1d1c2be5da6a9eb67c38,N/A
198,JodaOrg/joda-time.git,cc35fb2e6e106031fdbf1d1c2be5da6a9eb67c38,N/A
199,JodaOrg/joda-time.git,cc35fb2e6e106031fdbf1d1c2be5da6a9eb67c38,N/A
200,JodaOrg/joda-time.git,cc35fb2e6e106031fdbf1d1c2be5da6a9eb67c38,N/A
201,JodaOrg/joda-time.git,cc35fb2e6e106031fdbf1d1c2be5da6a9eb67c38,N/A
202,JodaOrg/joda-time.git,cc35fb2e6e106031fdbf1d1c2be5da6a9eb67c38,N/A
203,JodaOrg/joda-time.git,cc35fb2e6e106031fdbf1d1c2be5da6a9eb67c38,N/A
204,JodaOrg/joda-time.git,cc35fb2e6e106031fdbf1d1c2be5da6a9eb67c38,N/A
205,JodaOrg/joda-time.git,cc35fb2e6e106031fdbf1d1c2be5da6a9eb67c38,N/A
206,JodaOrg/joda-time.git,cc35fb2e6e106031fdbf1d1c2be5da6a9eb67c38,N/A
207,JodaOrg/joda-time.git,cc35fb2e6e106031fdbf1d1c2be5da6a9eb67c38,N/A
208,JodaOrg/joda-time.git,cc35fb2e6e106031fdbf1d1c2be5da6a9eb67c38,N/A
209,JodaOrg/joda-time.git,cc35fb2e6e106031fdbf1d1c2be5da6a9eb67c38,N/A
210,JodaOrg/joda-time.git,cc35fb2e6e106031fdbf1d1c2be5da6a9eb67c38,N/A
211,JodaOrg/joda-time.git,cc35fb2e6e106031fdbf1d1c2be5da6a9eb67c38,N/A
212,JodaOrg/joda-time.git,cc35fb2e6e106031fdbf1d1c2be5da6a9eb67c38,N/A
213,JodaOrg/joda-time.git,cc35fb2e6e106031fdbf1d1c2be5da6a9eb67c38,N/A
214,JodaOrg/joda-time.git,cc35fb2e6e106031fdbf1d1c2be5da6a9eb67c38,N/A
215,JodaOrg/joda-time.git,cc35fb2e6e106031fdbf1d1c2be5da6a9eb67c38,N/A
216,JodaOrg/joda-time.git,cc35fb2e6e106031fdbf1d1c2be5da6a9eb67c38,N/A
217,JodaOrg/joda-time.git,cc35fb2e6e106031fdbf1d1c2be5da6a9eb67c38,N/A
218,JodaOrg/joda-time.git,cc35fb2e6e106031fdbf1d1c2be5da6a9eb67c38,N/A
219,JodaOrg/joda-time.git,cc35fb2e6e106031fdbf1d1c2be5da6a9eb67c38,N/A
220,JodaOrg/joda-time.git,cc35fb2e6e106031fdbf1d1c2be5da6a9eb67c38,N/A
221,JodaOrg/joda-time.git,cc35fb2e6e106031fdbf1d1c2be5da6a9eb67c38,N/A
222,JodaOrg/joda-time.git,cc35fb2e6e106031fdbf1d1c2be5da6a9eb67c38,N/A
223,JodaOrg/joda-time.git,cc35fb2e6e106031fdbf1d1c2be5da6a9eb67c38,N/A
224,JodaOrg/joda-time.git,cc35fb2e6e106031fdbf1d1c2be5da6a9eb67c38,N/A
225,JodaOrg/joda-time.git,cc35fb2e6e106031fdbf1d1c2be5da6a9eb67c38,N/A
226,JodaOrg/joda-time.git,cc35fb2e6e106031fdbf1d1c2be5da6a9eb67c38,N/A
227,JodaOrg/joda-time.git,cc35fb2e6e106031fdbf1d1c2be5da6a9eb67c38,N/A
228,JodaOrg/joda-time.git,cc35fb2e6e106031fdbf1d1c2be5da6a9eb67c38,N/A
229,JodaOrg/joda-time.git,cc35fb2e6e106031fdbf1d1c2be5da6a9eb67c38,N/A
230,JodaOrg/joda-time.git,cc35fb2e6e106031fdbf1d1c2be5da6a9eb67c38,N/A
231,JodaOrg/joda-time.git,cc35fb2e6e106031fdbf1d1c2be5da6a9eb67c38,N/A
232,JodaOrg/joda-time.git,cc35fb2e6e106031fdbf1d1c2be5da6a9eb67c38,N/A
233,JodaOrg/joda-time.git,cc35fb2e6e106031fdbf1d1c2be5da6a9eb67c38,N/A
234,JodaOrg/joda-time.git,cc35fb2e6e106031fdbf1d1c2be5da6a9eb67c38,N/A
235,JodaOrg/joda-time.git,cc35fb2e6e106031fdbf1d1c2be5da6a9eb67c38,N/A
236,JodaOrg/joda-time.git,cc35fb2e6e106031fdbf1d1c2be5da6a9eb67c38,N/A
237,JodaOrg/joda-time.git,cc35fb2e6e106031fdbf1d1c2be5da6a9eb67c38,N/A
238,JodaOrg/joda-time.git,cc35fb2e6e106031fdbf1d1c2be5da6a9eb67c38,N/A
239,JodaOrg/joda-time.git,cc35fb2e6e106031fdbf1d1c2be5da6a9eb67c38,N/A
240,JodaOrg/joda-time.git,cc35fb2e6e106031fdbf1d1c2be5da6a9eb67c38,N/A
241,JodaOrg/joda-time.git,cc35fb2e6e106031fdbf1d1c2be5da6a9eb67c38,N/A
242,JodaOrg/joda-time.git,cc35fb2e6e106031fdbf1d1c2be5da6a9eb67c38,N/A
243,JodaOrg/joda-time.git,cc35fb2e6e106031fdbf1d1c2be5da6a9eb67c38,N/A
244,JodaOrg/joda-time.git,cc35fb2e6e106031fdbf1d1c2be5da6a9eb67c38,N/A
245,JodaOrg/joda-time.git,cc35fb2e6e106031fdbf1d1c2be5da6a9eb67c38,N/A
246,JodaOrg/joda-time.git,cc35fb2e6e106031fdbf1d1c2be5da6a9eb67c38,N/A
247,JodaOrg/joda-time.git,cc35fb2e6e106031fdbf1d1c2be5da6a9eb67c38,N/A
248,JodaOrg/joda-time.git,cc35fb2e6e106031fdbf1d1c2be5da6a9eb67c38,N/A
249,JodaOrg/joda-time.git,cc35fb2e6e106031fdbf1d1c2be5da6a9eb67c38,N/A
250,JodaOrg/joda-time.git,cc35fb2e6e106031fdbf1d1c2be5da6a9eb67c38,N/A
251,JodaOrg/joda-time.git,cc35fb2e6e106031fdbf1d1c2be5da6a9eb67c38,N/A
252,JodaOrg/joda-time.git,cc35fb2e6e106031fdbf1d1c2be5da6a9eb67c38,N/A
253,JodaOrg/joda-time.git,cc35fb2e6e106031fdbf1d1c2be5da6a9eb67c38,N/A
254,JodaOrg/joda-time.git,cc35fb2e6e106031fdbf1d1c2be5da6a9eb67c38,N/A
255,JodaOrg/joda-time.git,cc35fb2e6e106031fdbf1d1c2be5da6a9eb67c38,N/A
256,JodaOrg/joda-time.git,cc35fb2e6e106031fdbf1d1c2be5da6a9eb67c38,N/A
257,JodaOrg/joda-time.git,cc35fb2e6e106031fdbf1d1c2be5da6a9eb67c38,N/A
258,JodaOrg/joda-time.git,cc35fb2e6e106031fdbf1d1c2be5da6a9eb67c38,N/A
259,JodaOrg/joda-time.git,cc35fb2e6e106031fdbf1d1c2be5da6a9eb67c38,N/A
260,JodaOrg/joda-time.git,cc35fb2e6e106031fdbf1d1c2be5da6a9eb67c38,N/A
261,JodaOrg/joda-time.git,cc35fb2e6e106031fdbf1d1c2be5da6a9eb67c38,N/A
262,JodaOrg/joda-time.git,cc35fb2e6e106031fdbf1d1c2be5da6a9eb67c38,N/A
263,JodaOrg/joda-time.git,cc35fb2e6e106031fdbf1d1c2be5da6a9eb67c38,N/A
264,JodaOrg/joda-time.git,cc35fb2e6e106031fdbf1d1c2be5da6a9eb67c38,N/A
265,JodaOrg/joda-time.git,cc35fb2e6e106031fdbf1d1c2be5da6a9eb67c38,N/A
266,JodaOrg/joda-time.git,cc35fb2e6e106031fdbf1d1c2be5da6a9eb67c38,N/A
267,JodaOrg/joda-time.git,cc35fb2e6e106031fdbf1d1c2be5da6a9eb67c38,N/A
268,JodaOrg/joda-time.git,cc35fb2e6e106031fdbf1d1c2be5da6a9eb67c38,N/A
269,JodaOrg/joda-time.git,cc35fb2e6e106031fdbf1d1c2be5da6a9eb67c38,N/A
270,JodaOrg/joda-time.git,cc35fb2e6e106031fdbf1d1c2be5da6a9eb67c38,N/A
271,JodaOrg/joda-time.git,cc35fb2e6e106031fdbf1d1c2be5da6a9eb67c38,N/A
272,JodaOrg/joda-time.git,cc35fb2e6e106031fdbf1d1c2be5da6a9eb67c38,N/A
273,JodaOrg/joda-time.git,cc35fb2e6e106031fdbf1d1c2be5da6a9eb67c38,N/A
274,JodaOrg/joda-time.git,cc35fb2e6e106031fdbf1d1c2be5da6a9eb67c38,N/A
275,JodaOrg/joda-time.git,cc35fb2e6e106031fdbf1d1c2be5da6a9eb67c38,N/A
276,JodaOrg/joda-time.git,cc35fb2e6e106031fdbf1d1c2be5da6a9eb67c38,N/A
277,jolira/wicket-stateless.git,5c4e27c010c022b0086f685a7a110b00ece47b86,N/A
278,jolira/wicket-stateless.git,5c4e27c010c022b0086f685a7a110b00ece47b86,N/A
279,jolira/wicket-stateless.git,5c4e27c010c022b0086f685a7a110b00ece47b86,N/A
280,jolira/wicket-stateless.git,5c4e27c010c022b0086f685a7a110b00ece47b86,N/A
281,jolira/wicket-stateless.git,5c4e27c010c022b0086f685a7a110b00ece47b86,N/A
282,jolira/wicket-stateless.git,5c4e27c010c022b0086f685a7a110b00ece47b86,N/A
283,jolira/wicket-stateless.git,5c4e27c010c022b0086f685a7a110b00ece47b86,N/A
284,jolira/wicket-stateless.git,5c4e27c010c022b0086f685a7a110b00ece47b86,N/A
285,jolira/wicket-stateless.git,5c4e27c010c022b0086f685a7a110b00ece47b86,N/A
286,jolira/wicket-stateless.git,5c4e27c010c022b0086f685a7a110b00ece47b86,N/A
287,jpush/jpush-java-library.git,66a9825ad3b913b98b0451831bedcb2e9a0cbbf6,N/A
288,logstash/logstash-logback-encoder.git,287f1b77838d7fbf01080f691374ee68c7aed5e8,N/A
289,logstash/logstash-logback-encoder.git,287f1b77838d7fbf01080f691374ee68c7aed5e8,N/A
290,logstash/logstash-logback-encoder.git,287f1b77838d7fbf01080f691374ee68c7aed5e8,N/A
291,logstash/logstash-logback-encoder.git,287f1b77838d7fbf01080f691374ee68c7aed5e8,N/A
292,logstash/logstash-logback-encoder.git,287f1b77838d7fbf01080f691374ee68c7aed5e8,N/A
293,logstash/logstash-logback-encoder.git,287f1b77838d7fbf01080f691374ee68c7aed5e8,N/A
294,lusis/zmq-appender.git,d4ac192bf6ef677ad2b32eec9e81921ec51b08c9,N/A
295,lusis/zmq-appender.git,d4ac192bf6ef677ad2b32eec9e81921ec51b08c9,N/A
296,lusis/zmq-appender.git,d4ac192bf6ef677ad2b32eec9e81921ec51b08c9,N/A
297,mbolt35/coffee-graph.git,b1489fa8770b5ae67996842db78153d0f82b32b9,N/A
298,mbolt35/coffee-graph.git,b1489fa8770b5ae67996842db78153d0f82b32b9,N/A
299,eclipse/paho.mqtt.java.git,f43842538579aab345e6aadda9d081da615900d3,N/A
300,eclipse/paho.mqtt.java.git,f43842538579aab345e6aadda9d081da615900d3,N/A
301,ning/org-json.git,9be37018a33928d4458893998a89299b2991222d,N/A
302,ning/org-json.git,9be37018a33928d4458893998a89299b2991222d,N/A
303,opsb/butler-io.git,5f8e803b41d1487e088e4d854e3dc1d44da453b0,N/A
304,opsb/butler-io.git,5f8e803b41d1487e088e4d854e3dc1d44da453b0,N/A
305,oxlade39/graphflow.git,b0662fe6064001228b80f33a7f06bfd7e68a497f,N/A
306,oxlade39/graphflow.git,b0662fe6064001228b80f33a7f06bfd7e68a497f,N/A
307,oxlade39/graphflow.git,b0662fe6064001228b80f33a7f06bfd7e68a497f,N/A
308,oxlade39/graphflow.git,b0662fe6064001228b80f33a7f06bfd7e68a497f,N/A
309,oxlade39/graphflow.git,b0662fe6064001228b80f33a7f06bfd7e68a497f,N/A
310,oxlade39/graphflow.git,b0662fe6064001228b80f33a7f06bfd7e68a497f,N/A
311,oxlade39/graphflow.git,b0662fe6064001228b80f33a7f06bfd7e68a497f,N/A
312,peterneubauer/sql-import.git,e02e532bb0b85de6c969a926b8980915dd453d3d,N/A
313,peterneubauer/sql-import.git,e02e532bb0b85de6c969a926b8980915dd453d3d,N/A
314,peterneubauer/sql-import.git,e02e532bb0b85de6c969a926b8980915dd453d3d,N/A
315,peterneubauer/sql-import.git,e02e532bb0b85de6c969a926b8980915dd453d3d,N/A
316,peterneubauer/sql-import.git,e02e532bb0b85de6c969a926b8980915dd453d3d,N/A
317,ogrisel/pignlproc.git,1a6099806af607c6ee541a19d1be2b68c04dca0f,N/A
318,ogrisel/pignlproc.git,1a6099806af607c6ee541a19d1be2b68c04dca0f,N/A
319,ogrisel/pignlproc.git,1a6099806af607c6ee541a19d1be2b68c04dca0f,N/A
320,ogrisel/pignlproc.git,1a6099806af607c6ee541a19d1be2b68c04dca0f,N/A
321,ogrisel/pignlproc.git,1a6099806af607c6ee541a19d1be2b68c04dca0f,N/A
322,ogrisel/pignlproc.git,1a6099806af607c6ee541a19d1be2b68c04dca0f,N/A
323,ogrisel/pignlproc.git,1a6099806af607c6ee541a19d1be2b68c04dca0f,N/A
324,ogrisel/pignlproc.git,1a6099806af607c6ee541a19d1be2b68c04dca0f,N/A
325,ogrisel/pignlproc.git,1a6099806af607c6ee541a19d1be2b68c04dca0f,N/A
326,ogrisel/pignlproc.git,1a6099806af607c6ee541a19d1be2b68c04dca0f,N/A
327,ogrisel/pignlproc.git,1a6099806af607c6ee541a19d1be2b68c04dca0f,N/A
328,ogrisel/pignlproc.git,1a6099806af607c6ee541a19d1be2b68c04dca0f,N/A
329,ogrisel/pignlproc.git,1a6099806af607c6ee541a19d1be2b68c04dca0f,N/A
330,ptgoetz/storm-jms.git,d152d72f3726f3ff40ba74dee0392f8764b43fd0,N/A
331,ptgoetz/storm-jms.git,d152d72f3726f3ff40ba74dee0392f8764b43fd0,N/A
332,ptgoetz/storm-jms.git,d152d72f3726f3ff40ba74dee0392f8764b43fd0,N/A
333,ptgoetz/storm-jms.git,d152d72f3726f3ff40ba74dee0392f8764b43fd0,N/A
334,ptgoetz/storm-jms.git,d152d72f3726f3ff40ba74dee0392f8764b43fd0,N/A
335,raml-org/raml-java-parser.git,fd70fa27094a7be65d4a994555a6cedeba7dd79e,N/A
336,raml-org/raml-java-parser.git,fd70fa27094a7be65d4a994555a6cedeba7dd79e,N/A
337,raml-org/raml-java-parser.git,fd70fa27094a7be65d4a994555a6cedeba7dd79e,N/A
338,raml-org/raml-java-parser.git,fd70fa27094a7be65d4a994555a6cedeba7dd79e,N/A
339,rcarz/jira-client.git,b0ab042eebb974791d20caa0f0aef2d6c546e2c9,N/A
340,rcarz/jira-client.git,b0ab042eebb974791d20caa0f0aef2d6c546e2c9,N/A
341,rcarz/jira-client.git,b0ab042eebb974791d20caa0f0aef2d6c546e2c9,N/A
342,rcarz/jira-client.git,b0ab042eebb974791d20caa0f0aef2d6c546e2c9,N/A
343,rjenkins/ursus.git,dc6824654f30c7044811dd9a98f4c3676004a0f3,N/A
344,rjenkins/ursus.git,dc6824654f30c7044811dd9a98f4c3676004a0f3,N/A
345,rjenkins/ursus.git,dc6824654f30c7044811dd9a98f4c3676004a0f3,N/A
346,rjenkins/ursus.git,dc6824654f30c7044811dd9a98f4c3676004a0f3,N/A
347,rjenkins/ursus.git,dc6824654f30c7044811dd9a98f4c3676004a0f3,N/A
348,rjenkins/ursus.git,dc6824654f30c7044811dd9a98f4c3676004a0f3,N/A
349,rjenkins/ursus.git,dc6824654f30c7044811dd9a98f4c3676004a0f3,N/A
350,rjenkins/ursus.git,dc6824654f30c7044811dd9a98f4c3676004a0f3,N/A
351,romix/java-concurrent-hash-trie-map.git,1810db51acdb1c8b7048643b460c526933c95dae,N/A
352,romix/java-concurrent-hash-trie-map.git,1810db51acdb1c8b7048643b460c526933c95dae,N/A
353,romix/java-concurrent-hash-trie-map.git,1810db51acdb1c8b7048643b460c526933c95dae,N/A
354,romix/java-concurrent-hash-trie-map.git,1810db51acdb1c8b7048643b460c526933c95dae,N/A
355,romix/java-concurrent-hash-trie-map.git,1810db51acdb1c8b7048643b460c526933c95dae,N/A
356,romix/java-concurrent-hash-trie-map.git,1810db51acdb1c8b7048643b460c526933c95dae,N/A
357,romix/java-concurrent-hash-trie-map.git,1810db51acdb1c8b7048643b460c526933c95dae,N/A
358,fernandezpablo85/scribe-java.git,b88b9ddf805954be6abf3b0e4c0641a9f6edd803,N/A
359,tatsuhiro-t/argparse4j.git,c986cadacd19bf5325ff0baed5efccaeadd51e9c,N/A
360,tbuktu/ntru.git,8126929e32d00ed321e836e0792145dcbb6516df,N/A
361,tbuktu/ntru.git,8126929e32d00ed321e836e0792145dcbb6516df,N/A
362,tbuktu/ntru.git,8126929e32d00ed321e836e0792145dcbb6516df,N/A
363,tbuktu/ntru.git,8126929e32d00ed321e836e0792145dcbb6516df,N/A
364,tbuktu/ntru.git,8126929e32d00ed321e836e0792145dcbb6516df,N/A
365,tbuktu/ntru.git,8126929e32d00ed321e836e0792145dcbb6516df,N/A
366,tbuktu/ntru.git,8126929e32d00ed321e836e0792145dcbb6516df,N/A
367,tfnico/guava-examples.git,d1a08d6e3442ac986ac511b905cb6a137d327e8c,N/A
368,tfnico/guava-examples.git,d1a08d6e3442ac986ac511b905cb6a137d327e8c,N/A
369,thiloplanz/jmockmongo.git,de82269a777eb7c8218d2c0573f7384fc60b92fc,N/A
370,thiloplanz/jmockmongo.git,de82269a777eb7c8218d2c0573f7384fc60b92fc,N/A
371,thiloplanz/jmockmongo.git,de82269a777eb7c8218d2c0573f7384fc60b92fc,N/A
372,thiloplanz/jmockmongo.git,de82269a777eb7c8218d2c0573f7384fc60b92fc,N/A
373,thiloplanz/jmockmongo.git,de82269a777eb7c8218d2c0573f7384fc60b92fc,N/A
374,thiloplanz/jmockmongo.git,de82269a777eb7c8218d2c0573f7384fc60b92fc,N/A
375,thiloplanz/jmockmongo.git,de82269a777eb7c8218d2c0573f7384fc60b92fc,N/A
376,thiloplanz/jmockmongo.git,de82269a777eb7c8218d2c0573f7384fc60b92fc,N/A
377,thiloplanz/jmockmongo.git,de82269a777eb7c8218d2c0573f7384fc60b92fc,N/A
378,thiloplanz/jmockmongo.git,de82269a777eb7c8218d2c0573f7384fc60b92fc,N/A
379,threerings/playn.git,c969160c3e473ae1c26776e0fbee009588a82346,N/A
380,vbfischer/spring-social-dropbox.git,2b79176875c78e9648b658f054929610b0617537,N/A
381,vbfischer/spring-social-dropbox.git,2b79176875c78e9648b658f054929610b0617537,N/A
382,vbfischer/spring-social-dropbox.git,2b79176875c78e9648b658f054929610b0617537,N/A
383,vbfischer/spring-social-dropbox.git,2b79176875c78e9648b658f054929610b0617537,N/A
384,vbfischer/spring-social-dropbox.git,2b79176875c78e9648b658f054929610b0617537,N/A
385,vivin/GenericTree.git,15c59c992355cbb56ddbae1f825839c8d5bf3bb8,N/A
386,vivin/GenericTree.git,15c59c992355cbb56ddbae1f825839c8d5bf3bb8,N/A
387,vivin/GenericTree.git,15c59c992355cbb56ddbae1f825839c8d5bf3bb8,N/A
388,vivin/GenericTree.git,15c59c992355cbb56ddbae1f825839c8d5bf3bb8,N/A
389,vivin/GenericTree.git,15c59c992355cbb56ddbae1f825839c8d5bf3bb8,N/A
390,webbit/webbit-rest.git,0cf8af7bbffb22511652bcc57680f6ef8eb54a0c,N/A
391,webbit/webbit-rest.git,0cf8af7bbffb22511652bcc57680f6ef8eb54a0c,N/A
392,wildfly/jandex.git,8b3847bf0d731cccea49ea8fa2a2f5d11780a997,N/A
393,wildfly/jandex.git,8b3847bf0d731cccea49ea8fa2a2f5d11780a997,N/A
394,wildfly/jandex.git,8b3847bf0d731cccea49ea8fa2a2f5d11780a997,N/A
395,wildfly/jandex.git,8b3847bf0d731cccea49ea8fa2a2f5d11780a997,N/A
396,wildfly/jandex.git,8b3847bf0d731cccea49ea8fa2a2f5d11780a997,N/A
397,wvengen/proguard-maven-plugin.git,affa7f326bd987939b20ec763c1cfc5102c03438,N/A
398,Altoros/YCSB.git,bfcfe23a253553bf8158b98d4c24e13095550371,N/A
399,Altoros/YCSB.git,bfcfe23a253553bf8158b98d4c24e13095550371,N/A
400,Altoros/YCSB.git,bfcfe23a253553bf8158b98d4c24e13095550371,N/A
401,Altoros/YCSB.git,bfcfe23a253553bf8158b98d4c24e13095550371,N/A
402,BYVoid/TA-Lib.git,82db647fa980ca51d8abc4c843ccaccfdff01a39,N/A
403,BYVoid/TA-Lib.git,82db647fa980ca51d8abc4c843ccaccfdff01a39,N/A
404,BYVoid/TA-Lib.git,82db647fa980ca51d8abc4c843ccaccfdff01a39,N/A
405,BYVoid/TA-Lib.git,82db647fa980ca51d8abc4c843ccaccfdff01a39,N/A
406,FasterXML/jackson-dataformat-yaml.git,d2752c9606c339df7cfcbd6e8547f9b6e53119f9,N/A
407,FasterXML/jackson-dataformat-yaml.git,d2752c9606c339df7cfcbd6e8547f9b6e53119f9,N/A
408,FasterXML/jackson-dataformat-yaml.git,d2752c9606c339df7cfcbd6e8547f9b6e53119f9,N/A
409,FasterXML/jackson-dataformat-yaml.git,d2752c9606c339df7cfcbd6e8547f9b6e53119f9,N/A
410,FasterXML/jackson-dataformat-yaml.git,d2752c9606c339df7cfcbd6e8547f9b6e53119f9,N/A
411,FasterXML/jackson-dataformat-yaml.git,d2752c9606c339df7cfcbd6e8547f9b6e53119f9,N/A
412,FasterXML/jackson-dataformat-yaml.git,d2752c9606c339df7cfcbd6e8547f9b6e53119f9,N/A
413,FasterXML/jackson-dataformat-yaml.git,d2752c9606c339df7cfcbd6e8547f9b6e53119f9,N/A
414,UnquietCode/JState.git,16928306ea3e61c162ea4feffa568f030d678b85,N/A
415,apotapov/gdx-artemis.git,1687eb83ca8f7602120df68d2224aa11b7d7bdd6,N/A
416,apotapov/gdx-artemis.git,1687eb83ca8f7602120df68d2224aa11b7d7bdd6,N/A
417,apotapov/gdx-artemis.git,1687eb83ca8f7602120df68d2224aa11b7d7bdd6,N/A
418,apotapov/gdx-artemis.git,1687eb83ca8f7602120df68d2224aa11b7d7bdd6,N/A
419,apotapov/gdx-artemis.git,1687eb83ca8f7602120df68d2224aa11b7d7bdd6,N/A
420,dadoonet/dropbox.git,789e295ddcd44e8bc0eef16f157826b5fdb19416,N/A
421,dadoonet/dropbox.git,789e295ddcd44e8bc0eef16f157826b5fdb19416,N/A
422,dadoonet/dropbox.git,789e295ddcd44e8bc0eef16f157826b5fdb19416,N/A
423,dadoonet/dropbox.git,789e295ddcd44e8bc0eef16f157826b5fdb19416,N/A
424,eBay/cors-filter.git,d86da0e71fbab6cbbc724539dc9b92899b7db32b,N/A
425,kamranzafar/jtar.git,59e3f7a525ada0fc1e62e05de795e57762bcf5fb,N/A
426,kamranzafar/jtar.git,59e3f7a525ada0fc1e62e05de795e57762bcf5fb,N/A
427,sitespeedio/crawler.git,715ee7f1454eec14bebcb6d12563dfc32d9bbf48,N/A
428,sitespeedio/crawler.git,715ee7f1454eec14bebcb6d12563dfc32d9bbf48,N/A
429,Cue/greplin-zookeeper-utils.git,a2b80474d1cd2e45ebbdc95dbb384bec03c21d96,N/A
430,Cue/greplin-zookeeper-utils.git,a2b80474d1cd2e45ebbdc95dbb384bec03c21d96,N/A
431,Cue/greplin-zookeeper-utils.git,a2b80474d1cd2e45ebbdc95dbb384bec03c21d96,N/A
432,Cue/greplin-zookeeper-utils.git,a2b80474d1cd2e45ebbdc95dbb384bec03c21d96,N/A
433,Cue/greplin-zookeeper-utils.git,a2b80474d1cd2e45ebbdc95dbb384bec03c21d96,N/A
434,Cue/greplin-zookeeper-utils.git,a2b80474d1cd2e45ebbdc95dbb384bec03c21d96,N/A
435,Cue/greplin-zookeeper-utils.git,a2b80474d1cd2e45ebbdc95dbb384bec03c21d96,N/A
436,Cue/greplin-zookeeper-utils.git,a2b80474d1cd2e45ebbdc95dbb384bec03c21d96,N/A
437,Cue/greplin-zookeeper-utils.git,a2b80474d1cd2e45ebbdc95dbb384bec03c21d96,N/A
438,Cue/greplin-zookeeper-utils.git,a2b80474d1cd2e45ebbdc95dbb384bec03c21d96,N/A
439,Cue/greplin-zookeeper-utils.git,a2b80474d1cd2e45ebbdc95dbb384bec03c21d96,N/A
440,Cue/greplin-zookeeper-utils.git,a2b80474d1cd2e45ebbdc95dbb384bec03c21d96,N/A
441,Cue/greplin-zookeeper-utils.git,a2b80474d1cd2e45ebbdc95dbb384bec03c21d96,N/A
442,Cue/greplin-zookeeper-utils.git,a2b80474d1cd2e45ebbdc95dbb384bec03c21d96,N/A
443,Cue/greplin-zookeeper-utils.git,a2b80474d1cd2e45ebbdc95dbb384bec03c21d96,N/A
444,Cue/greplin-zookeeper-utils.git,a2b80474d1cd2e45ebbdc95dbb384bec03c21d96,N/A
445,apache/sanselan.git,f33100d0a45df52b4bb39a05d2b0de8a1f889dc6,N/A
446,apache/sanselan.git,f33100d0a45df52b4bb39a05d2b0de8a1f889dc6,N/A
447,apache/sanselan.git,f33100d0a45df52b4bb39a05d2b0de8a1f889dc6,N/A
448,apache/sanselan.git,f33100d0a45df52b4bb39a05d2b0de8a1f889dc6,N/A
449,apache/sanselan.git,f33100d0a45df52b4bb39a05d2b0de8a1f889dc6,N/A
450,apache/sanselan.git,f33100d0a45df52b4bb39a05d2b0de8a1f889dc6,N/A
451,apache/sanselan.git,f33100d0a45df52b4bb39a05d2b0de8a1f889dc6,N/A
452,apache/sanselan.git,f33100d0a45df52b4bb39a05d2b0de8a1f889dc6,N/A
453,apache/sanselan.git,f33100d0a45df52b4bb39a05d2b0de8a1f889dc6,N/A
454,apache/sanselan.git,f33100d0a45df52b4bb39a05d2b0de8a1f889dc6,N/A
455,apache/sanselan.git,f33100d0a45df52b4bb39a05d2b0de8a1f889dc6,N/A
456,apache/sanselan.git,f33100d0a45df52b4bb39a05d2b0de8a1f889dc6,N/A
457,apache/sanselan.git,f33100d0a45df52b4bb39a05d2b0de8a1f889dc6,N/A
458,apache/sanselan.git,f33100d0a45df52b4bb39a05d2b0de8a1f889dc6,N/A
459,apache/sanselan.git,f33100d0a45df52b4bb39a05d2b0de8a1f889dc6,N/A
460,apache/sanselan.git,f33100d0a45df52b4bb39a05d2b0de8a1f889dc6,N/A
461,apache/sanselan.git,f33100d0a45df52b4bb39a05d2b0de8a1f889dc6,N/A
462,apache/sanselan.git,f33100d0a45df52b4bb39a05d2b0de8a1f889dc6,N/A
463,apache/sanselan.git,f33100d0a45df52b4bb39a05d2b0de8a1f889dc6,N/A
464,apache/sanselan.git,f33100d0a45df52b4bb39a05d2b0de8a1f889dc6,N/A
465,apache/sanselan.git,f33100d0a45df52b4bb39a05d2b0de8a1f889dc6,N/A
466,apache/sanselan.git,f33100d0a45df52b4bb39a05d2b0de8a1f889dc6,N/A
467,apache/sanselan.git,f33100d0a45df52b4bb39a05d2b0de8a1f889dc6,N/A
468,apache/sanselan.git,f33100d0a45df52b4bb39a05d2b0de8a1f889dc6,N/A
469,apache/sanselan.git,f33100d0a45df52b4bb39a05d2b0de8a1f889dc6,N/A
470,apache/sanselan.git,f33100d0a45df52b4bb39a05d2b0de8a1f889dc6,N/A
471,apache/sanselan.git,f33100d0a45df52b4bb39a05d2b0de8a1f889dc6,N/A
472,apache/sanselan.git,f33100d0a45df52b4bb39a05d2b0de8a1f889dc6,N/A
473,apache/sanselan.git,f33100d0a45df52b4bb39a05d2b0de8a1f889dc6,N/A
474,apache/sanselan.git,f33100d0a45df52b4bb39a05d2b0de8a1f889dc6,N/A
475,apache/sanselan.git,f33100d0a45df52b4bb39a05d2b0de8a1f889dc6,N/A
476,apache/sanselan.git,f33100d0a45df52b4bb39a05d2b0de8a1f889dc6,N/A
477,apache/commons-cli.git,a0dcd6a0aa75a79bf640485b69cf076fa86b850c,N/A
478,apache/commons-cli.git,a0dcd6a0aa75a79bf640485b69cf076fa86b850c,N/A
479,hamnis/json-collection.git,b7ea4a958dec1ca14bce120da5a4020e9bcbf262,N/A
480,hamnis/json-collection.git,b7ea4a958dec1ca14bce120da5a4020e9bcbf262,N/A
481,hamnis/json-collection.git,b7ea4a958dec1ca14bce120da5a4020e9bcbf262,N/A
482,tropo/tropo-webapi-java.git,5e2b15da4414708da50351e966e743e1562a1884,N/A
483,tropo/tropo-webapi-java.git,5e2b15da4414708da50351e966e743e1562a1884,N/A
484,wkennedy/swagger4spring-web.git,b2bdeb3cd2ff245b7cca9aca790c726d103d35ff,N/A
485,apache/gora.git,bb09d8916736e3e572eef2cb5e79fe11c80ad1de,N/A
486,apache/gora.git,bb09d8916736e3e572eef2cb5e79fe11c80ad1de,N/A
487,apache/gora.git,bb09d8916736e3e572eef2cb5e79fe11c80ad1de,N/A
488,apache/gora.git,bb09d8916736e3e572eef2cb5e79fe11c80ad1de,N/A
489,apache/gora.git,bb09d8916736e3e572eef2cb5e79fe11c80ad1de,N/A
490,apache/gora.git,bb09d8916736e3e572eef2cb5e79fe11c80ad1de,N/A
491,apache/gora.git,bb09d8916736e3e572eef2cb5e79fe11c80ad1de,N/A
492,apache/gora.git,bb09d8916736e3e572eef2cb5e79fe11c80ad1de,N/A
493,apache/gora.git,bb09d8916736e3e572eef2cb5e79fe11c80ad1de,N/A
494,apache/gora.git,bb09d8916736e3e572eef2cb5e79fe11c80ad1de,N/A
495,apache/gora.git,bb09d8916736e3e572eef2cb5e79fe11c80ad1de,N/A
496,opsb/butler-io.git,5f8e803b41d1487e088e4d854e3dc1d44da453b0,N/A
497,apache/gora.git,bb09d8916736e3e572eef2cb5e79fe11c80ad1de,N/A
498,apache/gora.git,bb09d8916736e3e572eef2cb5e79fe11c80ad1de,N/A
499,javatuples/javatuples.git,be0c0fb8d4c955ace7dfcbf0c5cf1bf525c2e57e,N/A
500,UrbanCode/terraform.git,d67ac40cb3609173cdb369a0bb400d18d01797f2,N/A
501,UrbanCode/terraform.git,d67ac40cb3609173cdb369a0bb400d18d01797f2,N/A
502,UrbanCode/terraform.git,d67ac40cb3609173cdb369a0bb400d18d01797f2,N/A
503,UrbanCode/terraform.git,d67ac40cb3609173cdb369a0bb400d18d01797f2,N/A
504,UrbanCode/terraform.git,d67ac40cb3609173cdb369a0bb400d18d01797f2,N/A
505,UrbanCode/terraform.git,d67ac40cb3609173cdb369a0bb400d18d01797f2,N/A
506,UrbanCode/terraform.git,d67ac40cb3609173cdb369a0bb400d18d01797f2,N/A
507,UrbanCode/terraform.git,d67ac40cb3609173cdb369a0bb400d18d01797f2,N/A
508,neothemachine/KineticGWT.git,9fc13f94505f0b1abb40ae7b4e8b836d2510b696,N/A
509,mikebrock/jboss-websockets.git,fd03a4ef4033745ae5efc704fb123f1980c4056a,N/A
510,mikebrock/jboss-websockets.git,fd03a4ef4033745ae5efc704fb123f1980c4056a,N/A
511,mikebrock/jboss-websockets.git,fd03a4ef4033745ae5efc704fb123f1980c4056a,N/A
512,in-the-keyhole/khs-sherpa.git,0fa1c014bab990131e11c03bd9d3d687b0956104,N/A
513,in-the-keyhole/khs-sherpa.git,0fa1c014bab990131e11c03bd9d3d687b0956104,N/A
514,in-the-keyhole/khs-sherpa.git,0fa1c014bab990131e11c03bd9d3d687b0956104,N/A
515,in-the-keyhole/khs-sherpa.git,0fa1c014bab990131e11c03bd9d3d687b0956104,N/A
516,in-the-keyhole/khs-sherpa.git,0fa1c014bab990131e11c03bd9d3d687b0956104,N/A
517,wildfly/jandex.git,8b3847bf0d731cccea49ea8fa2a2f5d11780a997,N/A
518,wildfly/jandex.git,8b3847bf0d731cccea49ea8fa2a2f5d11780a997,N/A
519,Ovea/jetty-session-redis.git,afb2b25b77d45e613fda1aac9bc72ddea9327b7a,N/A
520,Ovea/jetty-session-redis.git,afb2b25b77d45e613fda1aac9bc72ddea9327b7a,N/A
521,mwoodhouse/buster-maven-plugin.git,2a8c9148f55c9ec606235620769bae91f8ee2936,N/A
522,mwoodhouse/buster-maven-plugin.git,2a8c9148f55c9ec606235620769bae91f8ee2936,N/A
523,mwoodhouse/buster-maven-plugin.git,2a8c9148f55c9ec606235620769bae91f8ee2936,N/A
524,mwoodhouse/buster-maven-plugin.git,2a8c9148f55c9ec606235620769bae91f8ee2936,N/A
525,mwoodhouse/buster-maven-plugin.git,2a8c9148f55c9ec606235620769bae91f8ee2936,N/A
526,mwoodhouse/buster-maven-plugin.git,2a8c9148f55c9ec606235620769bae91f8ee2936,N/A
527,mwoodhouse/buster-maven-plugin.git,2a8c9148f55c9ec606235620769bae91f8ee2936,N/A
528,hef/IRCTransport.git,172f690a73fbef1fa7c98b52399700c4c5957172,N/A
529,Frostman/dropbox4j.git,774c817e5bf294d0139ecb5ac81399be50ada5e0,N/A
530,Frostman/dropbox4j.git,774c817e5bf294d0139ecb5ac81399be50ada5e0,N/A
531,Frostman/dropbox4j.git,774c817e5bf294d0139ecb5ac81399be50ada5e0,N/A
532,Frostman/dropbox4j.git,774c817e5bf294d0139ecb5ac81399be50ada5e0,N/A
533,codedance/silken.git,381532036e886220a7e9e2c5f47b9573fb5dd493,N/A
534,codedance/silken.git,381532036e886220a7e9e2c5f47b9573fb5dd493,N/A
535,codedance/silken.git,381532036e886220a7e9e2c5f47b9573fb5dd493,N/A
536,codedance/silken.git,381532036e886220a7e9e2c5f47b9573fb5dd493,N/A
537,jriecken/gae-java-mini-profiler.git,80f3a59ebe7bfa02506ff53b63ebeaf63cfbf525,N/A
538,vistarmedia/metrics-datadog.git,638a75751a43bd2815a173787bc37ab17cf585c3,N/A
539,Cue/lucene-interval-fields.git,8f8bff6d0011df7d6efad65e37d4b14ca9fea010,N/A
540,Cue/lucene-interval-fields.git,8f8bff6d0011df7d6efad65e37d4b14ca9fea010,N/A
541,Cue/lucene-interval-fields.git,8f8bff6d0011df7d6efad65e37d4b14ca9fea010,N/A
542,notnoop/java-mpns.git,6762ba49fbcf639f6b93ec3950ad87907a4b00fc,N/A
543,notnoop/java-mpns.git,6762ba49fbcf639f6b93ec3950ad87907a4b00fc,N/A
544,mrico/creole-parser.git,5e1b9683700477ddc225cdbd11bd3afccdf391ea,N/A
545,fernandezpablo85/scribe-java.git,b88b9ddf805954be6abf3b0e4c0641a9f6edd803,N/A
546,fernandezpablo85/scribe-java.git,b88b9ddf805954be6abf3b0e4c0641a9f6edd803,N/A
547,Thomas-S-B/visualee.git,410a80f0f4774b093c3689d0e0c75bc46c78688e,N/A
548,rschreijer/lutung.git,02fe378ef719ee813e995bd6cda0741f5802eda7,N/A
549,rschreijer/lutung.git,02fe378ef719ee813e995bd6cda0741f5802eda7,N/A
550,rschreijer/lutung.git,02fe378ef719ee813e995bd6cda0741f5802eda7,N/A
551,rschreijer/lutung.git,02fe378ef719ee813e995bd6cda0741f5802eda7,N/A
552,bpsm/edn-java.git,c1d891d6437f89af3a9c2cbc3c4e002556aa71b4,N/A
553,JSQLParser/JSqlParser.git,001d665d32c6df5a136b1955f4413e6648064811,N/A
554,JSQLParser/JSqlParser.git,001d665d32c6df5a136b1955f4413e6648064811,N/A
555,JSQLParser/JSqlParser.git,001d665d32c6df5a136b1955f4413e6648064811,N/A
556,octo-technology/java-sql-dsl.git,3a95880acb91ee2a97b6943331004e96bcb6ed3c,N/A
557,octo-technology/java-sql-dsl.git,3a95880acb91ee2a97b6943331004e96bcb6ed3c,N/A
558,IvanTrendafilov/Confucius.git,2c3028782eaaf2337bde558b4a700210a10f543e,N/A
559,IvanTrendafilov/Confucius.git,2c3028782eaaf2337bde558b4a700210a10f543e,N/A
560,IvanTrendafilov/Confucius.git,2c3028782eaaf2337bde558b4a700210a10f543e,N/A
561,IvanTrendafilov/Confucius.git,2c3028782eaaf2337bde558b4a700210a10f543e,N/A
562,IvanTrendafilov/Confucius.git,2c3028782eaaf2337bde558b4a700210a10f543e,N/A
563,IvanTrendafilov/Confucius.git,2c3028782eaaf2337bde558b4a700210a10f543e,N/A
564,IvanTrendafilov/Confucius.git,2c3028782eaaf2337bde558b4a700210a10f543e,N/A
565,IvanTrendafilov/Confucius.git,2c3028782eaaf2337bde558b4a700210a10f543e,N/A
566,IvanTrendafilov/Confucius.git,2c3028782eaaf2337bde558b4a700210a10f543e,N/A
567,code4craft/jsoup-learning.git,2c0580fdd895cabedeb5eee14241bf511270dc61,N/A
568,code4craft/jsoup-learning.git,2c0580fdd895cabedeb5eee14241bf511270dc61,N/A
569,hamnis/json-collection.git,b7ea4a958dec1ca14bce120da5a4020e9bcbf262,N/A
570,hamnis/json-collection.git,b7ea4a958dec1ca14bce120da5a4020e9bcbf262,N/A
571,wkennedy/swagger4spring-web.git,b2bdeb3cd2ff245b7cca9aca790c726d103d35ff,N/A
572,vivin/GenericTree.git,15c59c992355cbb56ddbae1f825839c8d5bf3bb8,N/A
573,FasterXML/jackson-dataformat-yaml.git,d2752c9606c339df7cfcbd6e8547f9b6e53119f9,N/A
574,FasterXML/jackson-dataformat-yaml.git,d2752c9606c339df7cfcbd6e8547f9b6e53119f9,N/A
575,hoverruan/weiboclient4j.git,6ca0c73f77f10d8ec1fed2c768c719dcf9ea7fc5,N/A
576,hoverruan/weiboclient4j.git,6ca0c73f77f10d8ec1fed2c768c719dcf9ea7fc5,N/A
577,hoverruan/weiboclient4j.git,6ca0c73f77f10d8ec1fed2c768c719dcf9ea7fc5,N/A
578,hoverruan/weiboclient4j.git,6ca0c73f77f10d8ec1fed2c768c719dcf9ea7fc5,N/A
579,hoverruan/weiboclient4j.git,6ca0c73f77f10d8ec1fed2c768c719dcf9ea7fc5,N/A
580,hoverruan/weiboclient4j.git,6ca0c73f77f10d8ec1fed2c768c719dcf9ea7fc5,N/A
581,hoverruan/weiboclient4j.git,6ca0c73f77f10d8ec1fed2c768c719dcf9ea7fc5,N/A
582,hoverruan/weiboclient4j.git,6ca0c73f77f10d8ec1fed2c768c719dcf9ea7fc5,N/A
583,hoverruan/weiboclient4j.git,6ca0c73f77f10d8ec1fed2c768c719dcf9ea7fc5,N/A
584,hoverruan/weiboclient4j.git,6ca0c73f77f10d8ec1fed2c768c719dcf9ea7fc5,N/A
585,hoverruan/weiboclient4j.git,6ca0c73f77f10d8ec1fed2c768c719dcf9ea7fc5,N/A
586,hoverruan/weiboclient4j.git,6ca0c73f77f10d8ec1fed2c768c719dcf9ea7fc5,N/A
587,hoverruan/weiboclient4j.git,6ca0c73f77f10d8ec1fed2c768c719dcf9ea7fc5,N/A
588,hoverruan/weiboclient4j.git,6ca0c73f77f10d8ec1fed2c768c719dcf9ea7fc5,N/A
589,hoverruan/weiboclient4j.git,6ca0c73f77f10d8ec1fed2c768c719dcf9ea7fc5,N/A
590,hoverruan/weiboclient4j.git,6ca0c73f77f10d8ec1fed2c768c719dcf9ea7fc5,N/A
591,sitespeedio/crawler.git,715ee7f1454eec14bebcb6d12563dfc32d9bbf48,N/A
592,Ovea/jetty-session-redis.git,afb2b25b77d45e613fda1aac9bc72ddea9327b7a,N/A
593,Ovea/jetty-session-redis.git,afb2b25b77d45e613fda1aac9bc72ddea9327b7a,N/A
594,raml-org/raml-java-parser.git,fd70fa27094a7be65d4a994555a6cedeba7dd79e,N/A
595,raml-org/raml-java-parser.git,fd70fa27094a7be65d4a994555a6cedeba7dd79e,N/A
596,raml-org/raml-java-parser.git,fd70fa27094a7be65d4a994555a6cedeba7dd79e,N/A
597,raml-org/raml-java-parser.git,fd70fa27094a7be65d4a994555a6cedeba7dd79e,N/A
598,raml-org/raml-java-parser.git,fd70fa27094a7be65d4a994555a6cedeba7dd79e,N/A
599,srt/asterisk-java.git,b07617fe185d57dd38980993e1934d68e7e6c0c6,N/A
600,srt/asterisk-java.git,b07617fe185d57dd38980993e1934d68e7e6c0c6,N/A
601,srt/asterisk-java.git,b07617fe185d57dd38980993e1934d68e7e6c0c6,N/A
602,srt/asterisk-java.git,b07617fe185d57dd38980993e1934d68e7e6c0c6,N/A
603,srt/asterisk-java.git,b07617fe185d57dd38980993e1934d68e7e6c0c6,N/A
604,srt/asterisk-java.git,b07617fe185d57dd38980993e1934d68e7e6c0c6,N/A
605,mbolt35/coffee-graph.git,b1489fa8770b5ae67996842db78153d0f82b32b9,N/A
606,masukomi/aspirin.git,da7f0593c83d2fb1536724fa7c6d7037f03fe14e,N/A
607,mbolt35/coffee-graph.git,b1489fa8770b5ae67996842db78153d0f82b32b9,N/A
608,mbolt35/coffee-graph.git,b1489fa8770b5ae67996842db78153d0f82b32b9,N/A
609,mbolt35/coffee-graph.git,b1489fa8770b5ae67996842db78153d0f82b32b9,N/A
610,mbolt35/coffee-graph.git,b1489fa8770b5ae67996842db78153d0f82b32b9,N/A
611,codedance/silken.git,381532036e886220a7e9e2c5f47b9573fb5dd493,N/A
612,masukomi/aspirin.git,da7f0593c83d2fb1536724fa7c6d7037f03fe14e,N/A
613,Cognifide/Maven-CRX-Plugin.git,288f738bf4b75a1d4c7d7c6aca77ba5193071ed6,N/A
614,stain/jai-imageio-core.git,45da533fecd8f419fca107513092f4c74bfb7d65,N/A
615,stain/jai-imageio-core.git,45da533fecd8f419fca107513092f4c74bfb7d65,N/A
616,vidageek/crawler.git,120883b672384225f7ad9fbf0b9126706a7c8f40,N/A
617,apache/commons-lang.git,3287f3100f5940c254130192fb442077755477f6,,
618,apache/commons-lang.git,3287f3100f5940c254130192fb442077755477f6,,
619,apache/commons-lang.git,3287f3100f5940c254130192fb442077755477f6,,
620,apache/commons-lang.git,3287f3100f5940c254130192fb442077755477f6,,
621,apache/commons-lang.git,3287f3100f5940c254130192fb442077755477f6,,
622,Asana/java-asana.git,52fef9bcb189ccb405069ecb0e0d560d9ee17451,,
623,Asana/java-asana.git,52fef9bcb189ccb405069ecb0e0d560d9ee17451,,
624,Asana/java-asana.git,52fef9bcb189ccb405069ecb0e0d560d9ee17451,,
625,apache/commons-codec.git,b959a9ea303cd6c1a80d1d70b698d74eff50cb13,,
626,apache/commons-codec.git,b959a9ea303cd6c1a80d1d70b698d74eff50cb13,,
627,apache/commons-codec.git,b959a9ea303cd6c1a80d1d70b698d74eff50cb13,,
628,apache/commons-codec.git,b959a9ea303cd6c1a80d1d70b698d74eff50cb13,,
629,apache/commons-codec.git,b959a9ea303cd6c1a80d1d70b698d74eff50cb13,,
630,apache/commons-codec.git,b959a9ea303cd6c1a80d1d70b698d74eff50cb13,,
631,apache/commons-codec.git,b959a9ea303cd6c1a80d1d70b698d74eff50cb13,,
632,apache/commons-codec.git,b959a9ea303cd6c1a80d1d70b698d74eff50cb13,,
633,apache/commons-exec.git,2ca7c03c48d2a3494ce9cc0b19c69cae97146335,,
634,apache/commons-exec.git,2ca7c03c48d2a3494ce9cc0b19c69cae97146335,,
635,apache/commons-exec.git,2ca7c03c48d2a3494ce9cc0b19c69cae97146335,,
636,apache/commons-exec.git,2ca7c03c48d2a3494ce9cc0b19c69cae97146335,,
637,apache/commons-fileupload.git,55dc6fe4d7a2557f063e34bd3917fca217a63441,,
638,apache/commons-fileupload.git,55dc6fe4d7a2557f063e34bd3917fca217a63441,,
639,apache/commons-fileupload.git,55dc6fe4d7a2557f063e34bd3917fca217a63441,,
640,apache/commons-net.git,eb0181a8841914ebe41eea6bd9ec8cedd853eaa3,,
641,apache/commons-net.git,eb0181a8841914ebe41eea6bd9ec8cedd853eaa3,,
642,apache/commons-net.git,eb0181a8841914ebe41eea6bd9ec8cedd853eaa3,,
643,apache/commons-net.git,eb0181a8841914ebe41eea6bd9ec8cedd853eaa3,,
644,apache/commons-validator.git,72734d296ccb46f36a7b0d56f0b810e5d9588477,,
645,google/compile-testing.git,a9a657436cad322c2814debf6c49ccff4115c025,,
646,google/compile-testing.git,a9a657436cad322c2814debf6c49ccff4115c025,,
647,google/compile-testing.git,a9a657436cad322c2814debf6c49ccff4115c025,,
648,google/compile-testing.git,a9a657436cad322c2814debf6c49ccff4115c025,,
649,EsotericSoftware/yamlbeans.git,6b0a6f29e3663caab9e7ea46101b1f6f16f39100,,
650,EsotericSoftware/yamlbeans.git,6b0a6f29e3663caab9e7ea46101b1f6f16f39100,,
651,EsotericSoftware/yamlbeans.git,6b0a6f29e3663caab9e7ea46101b1f6f16f39100,,
652,EsotericSoftware/yamlbeans.git,6b0a6f29e3663caab9e7ea46101b1f6f16f39100,,
653,JodaOrg/joda-beans.git,597a6be0f959d3728aa9ef7e4a4c3961919e6a07,,
654,JodaOrg/joda-time.git,ed9d0a2f5928433ac3d3883d317e996f9e94c9b1,,
655,JodaOrg/joda-time.git,ed9d0a2f5928433ac3d3883d317e996f9e94c9b1,,
656,JodaOrg/joda-time.git,ed9d0a2f5928433ac3d3883d317e996f9e94c9b1,,
657,jscep/jscep.git,ddbcb446e428dd6d00752f05bcacb783f7f5e6d2,,
658,lukas-krecan/json2xml.git,1bcc260dbd18e476b96cc9d34e7b8c51d2b56056,,
659,maxmind/geoip-api-java.git,1030316a1e9fe5ccce02446fe65b2cd800d7eeed,,
660,netceteragroup/trema-core.git,b0bdb76d8bdf06454f5645452f5e4e9156cfae0b,,
661,netceteragroup/trema-core.git,b0bdb76d8bdf06454f5645452f5e4e9156cfae0b,,
662,netceteragroup/trema-core.git,b0bdb76d8bdf06454f5645452f5e4e9156cfae0b,,
663,venkatramanm/common.git,218484f10533c1f725aa91bf07a68a2bf5857e0b,,
664,venkatramanm/common.git,218484f10533c1f725aa91bf07a68a2bf5857e0b,,
665,microfocus-idol/java-configuration-impl.git,1e13e552fac467fb9ca3ce2b2ed5a3d037052cf4,,
666,microfocus-idol/java-configuration-impl.git,1e13e552fac467fb9ca3ce2b2ed5a3d037052cf4,,
667,microfocus-idol/java-configuration-impl.git,1e13e552fac467fb9ca3ce2b2ed5a3d037052cf4,,
668,mojohaus/jaxb2-maven-plugin.git,4334522409c9f92e262d6479b1bf8448713d8152,,
669,mojohaus/jaxb2-maven-plugin.git,4334522409c9f92e262d6479b1bf8448713d8152,,
670,mojohaus/jaxb2-maven-plugin.git,4334522409c9f92e262d6479b1bf8448713d8152,,