Violation_ID,Propfile,TestDirectory,Test,ViolationFile,LineNum,Classification,Notes
1,Collection_UnsafeIterator.mop,./jetty-util,QueuedThreadPoolTest#testMaxStopTime,./org/eclipse/jetty/util/thread/QueuedThreadPool.java,128,Truebug,N/A
2,FSM162.mop,,,./src/main/java/de/strullerbaumann/visualee/examiner/Examiner.java,144,Truebug,This is a test for custom mop files
3,Collection_HashCode.mop,,,./src/main/java/com/google/common/collect/RegularImmutableList.java,1,Falsealarm,N/A
4,Iterator_HasNext.mop,,,./src/main/java/com/google/common/collect/SingletonImmutableSet.java,99,Falsealarm,N/A
5,Iterator_HasNext.mop,,,./src/main/java/org/apache/lucene/search/BooleanQuery.java,297,Falsealarm,N/A
6,Iterator_HasNext.mop,,,./src/main/java/org/apache/lucene/util/AttributeSource.java,324,Falsealarm,N/A
7,Iterator_HasNext.mop,,,./src/main/java/org/apache/lucene/util/AttributeSource.java,325,Falsealarm,N/A
8,Iterator_HasNext.mop,,,./src/main/java/com/esotericsoftware/yamlbeans/emitter/Emitter.java,115,Falsealarm,N/A
9,Iterator_HasNext.mop,,,./src/main/java/com/esotericsoftware/yamlbeans/emitter/Emitter.java,116,Falsealarm,N/A
10,Iterator_HasNext.mop,,,./src/main/java/com/esotericsoftware/yamlbeans/YamlReader.java,279,Falsealarm,N/A
11,Iterator_HasNext.mop,,,./src/main/java/com/esotericsoftware/yamlbeans/YamlReaderTest.java,58,Falsealarm,N/A
12,Iterator_HasNext.mop,,,./src/main/java/com/esotericsoftware/yamlbeans/YamlReaderTest.java,59,Falsealarm,N/A
13,Iterator_HasNext.mop,,,./src/main/java/org/apache/hadoop/fs/FileSystem.java,1462,Falsealarm,N/A
14,Iterator_HasNext.mop,,,./src/main/java/org/apache/hadoop/security/UserGroupInformation.java,441,Falsealarm,N/A
15,Math_ContendedRandom.mop,,,./src/main/java/org/trendafilov/confucius/core/ParserTest.java,257,Falsealarm,N/A
16,Reader_ManipulateAfterClose.mop,,,./src/main/java/net/sf/jsqlparser/parser/SimpleCharStream.java,138,Falsealarm,N/A
17,ByteArrayOutputStream_FlushBeforeRetrieve.mop,,,./src/main/java/org/logblock/entry/BlobTest.java,26,Truebug,N/A
18,Collections_SynchronizedCollection.mop,,,./src/main/java/org/testng/reporters/jq/ChronologicalPanel.java,44,Truebug,N/A
19,Collections_SynchronizedCollection.mop,,,./src/main/java/org/testng/reporters/JUnitXMLReporter.java,177,Truebug,N/A
20,Collections_SynchronizedCollection.mop,,,./src/main/java/org/testng/reporters/JUnitXMLReporter.java,180,Truebug,N/A
21,Collections_SynchronizedCollection.mop,,,./src/main/java/org/testng/reporters/SuiteHTMLReporter.java,378,Falsealarm,N/A
22,Collections_SynchronizedCollection.mop,,,./src/main/java/org/testng/reporters/TestHTMLReporter.java,78,Truebug,N/A
23,Collections_SynchronizedMap.mop,,,./src/main/java/org/testng/reporters/jq/Model.java,49,Truebug,N/A
24,Collections_SynchronizedMap.mop,,,./src/main/java/org/testng/reporters/XMLReporter.java,155,Truebug,N/A
25,Iterator_HasNext.mop,,,./src/main/java/org/testng/reporters/EmailableReporter2.java,375,Falsealarm,N/A
26,Iterator_HasNext.mop,,,./src/main/java/org/testng/reporters/EmailableReporter2.java,279,Falsealarm,N/A
27,ByteArrayOutputStream_FlushBeforeRetrieve.mop,,,./src/main/java/com/ovea/jetty/session/serializer/BinarySerializer.java,55,Falsealarm,N/A
28,Collections_SynchronizedCollection.mop,,,./src/main/java/com/thoughtworks/xstream/core/util/CompositeClassLoader.java,66,Truebug,N/A
29,Collections_SynchronizedMap.mop,,,./src/main/java/com/thoughtworks/xstream/core/DefaultConverterLookup.java,70,Truebug,N/A
30,Serializable_NoArgConstructor.mop,,,./src/main/java/com/thoughtworks/xstream/mapper/PackageAliasingMapper.java,31,Falsealarm,N/A
31,Iterator_HasNext.mop,,,./src/main/java/de/strullerbaumann/visualee/examiner/Examiner.java,256,Truebug,N/A
32,Iterator_HasNext.mop,,,./src/main/java/de/strullerbaumann/visualee/examiner/Examiner.java,245,Truebug,N/A
33,Iterator_HasNext.mop,,,./src/main/java/de/strullerbaumann/visualee/examiner/Examiner.java,137,Truebug,N/A
34,Iterator_HasNext.mop,,,./src/main/java/de/strullerbaumann/visualee/examiner/Examiner.java,144,Truebug,N/A
35,Iterator_HasNext.mop,,,./src/main/java/de/strullerbaumann/visualee/examiner/ExaminerTest.java,296,Falsealarm,N/A
36,Iterator_HasNext.mop,,,./src/main/java/de/strullerbaumann/visualee/examiner/ExaminerTest.java,306,Falsealarm,N/A
37,Iterator_HasNext.mop,,,./src/main/java/de/strullerbaumann/visualee/examiner/ExaminerTest.java,254,Falsealarm,N/A
38,Iterator_HasNext.mop,,,./src/main/java/de/strullerbaumann/visualee/examiner/ExaminerTest.java,265,Falsealarm,N/A
39,Iterator_HasNext.mop,,,./src/main/java/de/strullerbaumann/visualee/examiner/ExaminerTest.java,276,Falsealarm,N/A
40,Iterator_HasNext.mop,,,./src/main/java/de/strullerbaumann/visualee/examiner/ExaminerTest.java,199,Falsealarm,N/A
41,Iterator_HasNext.mop,,,./src/main/java/de/strullerbaumann/visualee/examiner/ExaminerTest.java,211,Falsealarm,N/A
42,Iterator_HasNext.mop,,,./src/main/java/de/strullerbaumann/visualee/examiner/ExaminerTest.java,222,Falsealarm,N/A
43,Iterator_HasNext.mop,,,./src/main/java/de/strullerbaumann/visualee/examiner/ExaminerTest.java,232,Falsealarm,N/A
44,Closeable_MultipleClose.mop,,,./src/main/java/zemberek/core/io/IOs.java,147,Falsealarm,N/A
45,Iterator_HasNext.mop,,,./src/main/java/zemberek/lm/backoff/SimpleBackoffNgramModel.java,263,Falsealarm,N/A
46,Iterator_HasNext.mop,,,./src/main/java/zemberek/lm/backoff/SimpleBackoffNgramModel.java,306,Falsealarm,N/A
47,Iterator_HasNext.mop,,,./src/main/java/foodev/jsondiff/JsonDiff.java,156,Falsealarm,N/A
48,Iterator_HasNext.mop,,,./src/main/java/foodev/jsondiff/JsonDiff.java,393,Falsealarm,N/A
49,Long_BadParsingArgs.mop,,,./src/main/java/com/google/gson/JsonPrimitive.java,154,Falsealarm,N/A
50,SortedSet_Comparable.mop,,,./src/main/java/foodev/jsondiff/JsonDiff.java,132,Falsealarm,N/A
51,SortedSet_Comparable.mop,,,./src/main/java/foodev/jsondiff/JsonDiff.java,458,Falsealarm,N/A
52,TreeSet_Comparable.mop,,,./src/main/java/foodev/jsondiff/JsonDiff.java,132,Falsealarm,N/A
53,TreeSet_Comparable.mop,,,./src/main/java/foodev/jsondiff/JsonDiff.java,458,Falsealarm,N/A
54,Closeable_MultipleClose.mop,,,./src/main/java/com/google/gson/stream/JsonWriter.java,290,Falsealarm,N/A
55,Closeable_MultipleClose.mop,,,./src/main/java/com/google/gson/stream/JsonWriter.java,310,Falsealarm,N/A
56,Closeable_MultipleClose.mop,,,./src/main/java/com/thoughtworks/paranamer/BytecodeReadingParanamer.java,106,Falsealarm,N/A
57,Collection_HashCode.mop,,,./src/main/java/com/google/common/collect/RegularImmutableList.java,1,Falsealarm,N/A
58,ByteArrayOutputStream_FlushBeforeRetrieve.mop,,,./src/main/java/org/apache/gora/util/TestWritableUtils.java,48,Truebug,N/A
59,CharSequence_NotInMap.mop,,,./src/main/java/org/apache/avro/generic/GenericDatumReader.java,275,Falsealarm,N/A
60,CharSequence_NotInMap.mop,,,./src/main/java/org/apache/gora/examples/WebPageDataCreator.java,130,Falsealarm,N/A
61,CharSequence_NotInMap.mop,,,./src/main/java/org/apache/gora/examples/WebPageDataCreator.java,135,Falsealarm,N/A
62,CharSequence_NotInMap.mop,,,./src/main/java/org/apache/gora/filter/TestMapFieldValueFilter.java,62,Falsealarm,N/A
63,CharSequence_NotInMap.mop,,,./src/main/java/org/apache/gora/filter/TestMapFieldValueFilter.java,85,Falsealarm,N/A
64,CharSequence_NotInMap.mop,,,./src/main/java/org/apache/gora/mapreduce/TestPersistentSerialization.java,139,Falsealarm,N/A
65,CharSequence_NotInMap.mop,,,./src/main/java/org/apache/gora/persistency/impl/DirtyMapWrapper.java,122,Falsealarm,N/A
66,CharSequence_NotInMap.mop,,,./src/main/java/org/apache/gora/persistency/impl/TestPersistentBase.java,117,Falsealarm,N/A
67,CharSequence_NotInMap.mop,,,./src/main/java/org/apache/gora/persistency/impl/TestPersistentBase.java,130,Falsealarm,N/A
68,Closeable_MultipleClose.mop,,,./src/main/java/org/apache/hadoop/io/serializer/WritableSerialization.java,77,Falsealarm,N/A
69,Closeable_MultipleClose.mop,,,./src/main/java/org/apache/hadoop/io/serializer/WritableSerialization.java,103,Falsealarm,N/A
70,InputStream_UnmarkedReset.mop,,,./src/main/java/org/apache/gora/util/TestIOUtils.java,213,Falsealarm,N/A
71,InputStream_UnmarkedReset.mop,,,./src/main/java/org/apache/hadoop/io/DefaultStringifier.java,79,Falsealarm,N/A
72,InputStream_UnmarkedReset.mop,,,./src/main/java/org/apache/hadoop/io/TestWritable.java,122,Falsealarm,N/A
73,Iterator_HasNext.mop,,,./src/main/java/org/apache/hadoop/security/UserGroupInformation.java,582,HardToInspect,N/A
74,URLDecoder_DecodeUTF8.mop,,,./src/main/java/org/asteriskjava/manager/event/AsyncAgiEvent.java,206,Truebug,N/A
75,ByteArrayOutputStream_FlushBeforeRetrieve.mop,,,./src/main/java/org/apache/bcel/generic/InstructionList.java,958,Truebug,N/A
76,Closeable_MultipleClose.mop,,,./src/main/java/org/apache/bcel/util/SyntheticRepository.java,162,Falsealarm,N/A
77,Iterator_HasNext.mop,,,./src/main/java/org/apache/bcel/InstructionFinderTestCase.java,54,Falsealarm,N/A
78,Map_UnsafeIterator.mop,,,./src/main/java/org/apache/bcel/util/InstructionFinder.java,366,Falsealarm,N/A
79,Closeable_MeaninglessClose.mop,,,./src/main/java/com/fasterxml/jackson/core/json/WriterBasedJsonGenerator.java,900,Falsealarm,N/A
80,Closeable_MeaninglessClose.mop,,,./src/main/java/com/google/gson/stream/JsonWriter.java,523,Falsealarm,N/A
81,Closeable_MeaninglessClose.mop,,,./src/main/java/de/odysseus/staxon/json/jaxb/JsonXMLMapperTest.java,38,Falsealarm,N/A
82,Closeable_MeaninglessClose.mop,,,./src/main/java/de/odysseus/staxon/json/jaxb/JsonXMLMapperTest.java,49,Falsealarm,N/A
83,Closeable_MeaninglessClose.mop,,,./src/main/java/de/odysseus/staxon/json/jaxb/JsonXMLMapperTest.java,61,Falsealarm,N/A
84,Closeable_MeaninglessClose.mop,,,./src/main/java/de/odysseus/staxon/json/stream/impl/JsonStreamTargetImpl.java,104,Falsealarm,N/A
85,Closeable_MeaninglessClose.mop,,,./src/main/java/org/glassfish/json/JsonGeneratorImpl.java,513,Falsealarm,N/A
86,Closeable_MultipleClose.mop,,,./src/main/java/com/google/gson/stream/JsonWriter.java,297,Falsealarm,N/A
87,Closeable_MultipleClose.mop,,,./src/main/java/com/google/gson/stream/JsonWriter.java,317,Falsealarm,N/A
88,Closeable_MultipleClose.mop,,,./src/main/java/de/odysseus/staxon/json/stream/gson/GsonStreamTarget.java,78,Falsealarm,N/A
89,Closeable_MultipleClose.mop,,,./src/main/java/de/odysseus/staxon/json/stream/jackson/JacksonStreamSource.java,138,Falsealarm,N/A
90,Iterator_HasNext.mop,,,./src/main/java/de/odysseus/staxon/base/AbstractXMLStreamScopeTest.java,177,Falsealarm,N/A
91,Iterator_HasNext.mop,,,./src/main/java/de/odysseus/staxon/base/AbstractXMLStreamScopeTest.java,138,Falsealarm,N/A
92,Iterator_HasNext.mop,,,./src/main/java/de/odysseus/staxon/base/AbstractXMLStreamScopeTest.java,100,Falsealarm,N/A
93,Iterator_HasNext.mop,,,./src/main/java/de/odysseus/staxon/base/AbstractXMLStreamScopeTest.java,78,Falsealarm,N/A
94,Iterator_HasNext.mop,,,./src/main/java/de/odysseus/staxon/base/AbstractXMLStreamScopeTest.java,86,Falsealarm,N/A
95,Iterator_HasNext.mop,,,./src/main/java/de/odysseus/staxon/base/AbstractXMLStreamScopeTest.java,96,Falsealarm,N/A
96,Iterator_HasNext.mop,,,./src/main/java/de/odysseus/staxon/event/SimpleXMLEventFactoryTest.java,140,Falsealarm,N/A
97,Iterator_HasNext.mop,,,./src/main/java/de/odysseus/staxon/event/SimpleXMLEventFactoryTest.java,154,Falsealarm,N/A
98,Iterator_HasNext.mop,,,./src/main/java/de/odysseus/staxon/event/SimpleXMLEventReaderTest.java,76,Falsealarm,N/A
99,Iterator_HasNext.mop,,,./src/main/java/de/odysseus/staxon/event/SimpleXMLEventReaderTest.java,77,Falsealarm,N/A
100,Iterator_HasNext.mop,,,./src/main/java/de/odysseus/staxon/event/SimpleXMLEventReaderTest.java,79,Falsealarm,N/A
101,Iterator_HasNext.mop,,,./src/main/java/de/odysseus/staxon/event/SimpleXMLEventReaderTest.java,80,Falsealarm,N/A
102,Iterator_HasNext.mop,,,./src/main/java/de/odysseus/staxon/event/SimpleXMLEventReaderTest.java,106,Falsealarm,N/A
103,Iterator_HasNext.mop,,,./src/main/java/de/odysseus/staxon/event/SimpleXMLEventReaderTest.java,110,Falsealarm,N/A
104,Iterator_HasNext.mop,,,./src/main/java/de/odysseus/staxon/event/SimpleXMLFilteredEventReaderTest.java,119,Falsealarm,N/A
105,Iterator_HasNext.mop,,,./src/main/java/de/odysseus/staxon/event/SimpleXMLFilteredEventReaderTest.java,120,Falsealarm,N/A
106,Iterator_HasNext.mop,,,./src/main/java/de/odysseus/staxon/event/SimpleXMLFilteredEventReaderTest.java,122,Falsealarm,N/A
107,Iterator_HasNext.mop,,,./src/main/java/de/odysseus/staxon/event/SimpleXMLFilteredEventReaderTest.java,183,Falsealarm,N/A
108,Iterator_HasNext.mop,,,./src/main/java/de/odysseus/staxon/event/SimpleXMLFilteredEventReaderTest.java,187,Falsealarm,N/A
109,Iterator_HasNext.mop,,,./src/main/java/de/odysseus/staxon/event/SimpleXMLFilteredEventReaderTest.java,171,Falsealarm,N/A
110,Iterator_HasNext.mop,,,./src/main/java/de/odysseus/staxon/event/SimpleXMLFilteredEventReaderTest.java,175,Falsealarm,N/A
111,Closeable_MeaninglessClose.mop,,,./src/main/java/us/bpsm/edn/printer/Printers.java,99,Falsealarm,N/A
112,Map_UnsafeIterator.mop,,,./src/main/java/us/bpsm/edn/Interner.java,45,Falsealarm,N/A
113,ByteArrayOutputStream_FlushBeforeRetrieve.mop,,,./src/main/java/com/meterware/servletunit/ServletUnitHttpResponse.java,458,Falsealarm,N/A
114,Closeable_MeaninglessClose.mop,,,./src/main/java/com/meterware/httpunit/WebResponse.java,1095,Falsealarm,N/A
115,StringTokenizer_HasMoreElements.mop,,,./src/main/java/com/meterware/httpunit/HttpUnitUtils.java,79,Truebug,N/A
116,StringTokenizer_HasMoreElements.mop,,,./src/main/java/com/meterware/httpunit/HttpUnitUtils.java,80,Falsealarm,N/A
117,URLEncoder_EncodeUTF8.mop,,,./src/main/java/com/meterware/httpunit/protocol/URLEncodedString.java,59,Falsealarm,N/A
118,Collection_HashCode.mop,,,./src/main/java/com/google/common/collect/RegularImmutableList.java,1,Falsealarm,N/A
119,Iterator_HasNext.mop,,,./src/main/java/com/google/common/collect/Iterators.java,325,Falsealarm,N/A
120,Iterator_HasNext.mop,,,./src/main/java/com/google/common/collect/Iterators.java,326,Falsealarm,N/A
121,Iterator_HasNext.mop,,,./src/main/java/com/google/common/collect/SingletonImmutableSet.java,99,Falsealarm,N/A
122,Iterator_HasNext.mop,,,./src/main/java/com/google/common/reflect/TypeToken.java,867,Falsealarm,N/A
123,Serializable_NoArgConstructor.mop,,,./src/main/java/com/codahale/og/tests/ObjectGraphTest.java,1,Falsealarm,N/A
124,Serializable_NoArgConstructor.mop,,,./src/main/java/com/codahale/og/tests/ObjectGraphTest.java,1,Falsealarm,N/A
125,Serializable_NoArgConstructor.mop,,,./src/main/java/com/codahale/og/tests/ObjectGraphTest.java,1,Falsealarm,N/A
126,Serializable_NoArgConstructor.mop,,,./src/main/java/com/codahale/og/tests/ObjectGraphTest.java,1,Falsealarm,N/A
127,Serializable_NoArgConstructor.mop,,,./src/main/java/com/codahale/og/tests/ObjectGraphTest.java,1,Falsealarm,N/A
128,Serializable_NoArgConstructor.mop,,,./src/main/java/com/codahale/og/tests/ObjectGraphTest.java,1,Falsealarm,N/A
129,Serializable_NoArgConstructor.mop,,,./src/main/java/com/codahale/og/tests/ObjectGraphTest.java,1,Falsealarm,N/A
130,Serializable_NoArgConstructor.mop,,,./src/main/java/com/codahale/og/tests/ObjectGraphTest.java,1,Falsealarm,N/A
131,Iterator_HasNext.mop,,,./src/main/java/org/jsoup/parser/HtmlTreeBuilder.java,362,Falsealarm,N/A
132,Iterator_RemoveOnce.mop,,,./src/main/java/org/jsoup/helper/DescendableLinkedList.java,79,Falsealarm,N/A
133,ListIterator_hasNextPrevious.mop,,,./src/main/java/org/jsoup/helper/DescendableLinkedList.java,72,Falsealarm,N/A
134,Collection_HashCode.mop,,,./src/main/java/com/google/common/collect/RegularImmutableList.java,1,Falsealarm,N/A
135,Closeable_MeaninglessClose.mop,,,./src/main/java/com/google/common/io/Closer.java,214,Falsealarm,N/A
136,Iterator_HasNext.mop,,,./src/main/java/com/google/common/collect/ImmutableMultimap.java,541,Falsealarm,N/A
137,Iterator_HasNext.mop,,,./src/main/java/com/google/common/collect/ImmutableMultimap.java,546,Falsealarm,N/A
138,Iterator_HasNext.mop,,,./src/main/java/com/google/common/collect/ImmutableMultimap.java,551,Falsealarm,N/A
139,Iterator_HasNext.mop,,,./src/main/java/com/google/common/collect/Iterators.java,297,Falsealarm,N/A
140,Iterator_HasNext.mop,,,./src/main/java/com/google/common/collect/Iterators.java,298,Falsealarm,N/A
141,Iterator_HasNext.mop,,,./src/main/java/com/google/common/collect/SingletonImmutableSet.java,89,Falsealarm,N/A
142,Iterator_HasNext.mop,,,./src/main/java/com/google/testing/compile/TreeContextTest.java,60,Falsealarm,N/A
143,Iterator_HasNext.mop,,,./src/main/java/com/google/testing/compile/TreeDiffer.java,235,Falsealarm,N/A
144,Iterator_HasNext.mop,,,./src/main/java/com/google/testing/compile/TreeDiffer.java,237,Falsealarm,N/A
145,Iterator_HasNext.mop,,,./src/main/java/com/google/testing/compile/TypeEnumerator.java,101,Falsealarm,N/A
146,Iterator_HasNext.mop,,,./src/main/java/com/google/testing/compile/TypeEnumerator.java,89,Falsealarm,N/A
147,ListIterator_Set.mop,,,./src/main/java/com/google/common/collect/ImmutableList.java,340,Falsealarm,N/A
148,SortedSet_Comparable.mop,,,./src/main/java/org/jvnet/hk2/internal/IndexedListData.java,68,Falsealarm,N/A
149,TreeSet_Comparable.mop,,,./src/main/java/org/jvnet/hk2/internal/IndexedListData.java,68,Falsealarm,N/A
150,Math_ContendedRandom.mop,,,./src/main/java/org/cybergarage/upnp/UPnP.java,186,Falsealarm,N/A
151,Iterator_HasNext.mop,,,./src/main/java/org/skife/jdbi/cglib/proxy/Enhancer.java,886,Falsealarm,N/A
152,Map_UnsafeIterator.mop,,,./src/main/java/org/codehaus/jackson/map/deser/BeanDeserializer.java,436,Falsealarm,N/A
153,ByteArrayOutputStream_FlushBeforeRetrieve.mop,,,./src/main/java/comparators/Composite.java,286,Truebug,N/A
154,Math_ContendedRandom.mop,,,./src/main/java/com/eaio/uuid/UUIDGen.java,211,Truebug,N/A
155,ByteArrayOutputStream_FlushBeforeRetrieve.mop,,,./src/main/java/com/headius/invokebinder/BinderTest.java,126,Falsealarm,N/A
156,ByteArrayOutputStream_FlushBeforeRetrieve.mop,,,./src/main/java/com/headius/invokebinder/BinderTest.java,134,Falsealarm,N/A
157,ByteArrayOutputStream_FlushBeforeRetrieve.mop,,,./src/main/java/com/headius/invokebinder/SmartBinderTest.java,342,Falsealarm,N/A
158,ByteArrayOutputStream_FlushBeforeRetrieve.mop,,,./src/main/java/org/jboss/dmr/ModelNodeTest.java,309,Falsealarm,N/A
159,ByteArrayOutputStream_FlushBeforeRetrieve.mop,,,./src/main/java/org/jboss/dmr/ModelNodeTest.java,323,Falsealarm,N/A
160,ByteArrayOutputStream_FlushBeforeRetrieve.mop,,,./src/main/java/org/jboss/dmr/ModelNodeTest.java,298,Falsealarm,N/A
161,Closeable_MeaninglessClose.mop,,,./src/main/java/org/jboss/dmr/ModelNode.java,1542,Falsealarm,N/A
162,Long_BadParsingArgs.mop,,,./src/main/java/org/jboss/dmr/StringModelValue.java,129,Falsealarm,N/A
163,Long_BadParsingArgs.mop,,,./src/main/java/org/jboss/dmr/StringModelValue.java,134,Falsealarm,N/A
164,Collection_UnsafeIterator.mop,,,./src/main/java/org/eclipse/jetty/util/thread/QueuedThreadPool.java,128,Falsealarm,N/A
165,ServerSocket_Backlog.mop,,,./src/main/java/org/eclipse/jetty/server/nio/SelectChannelConnector.java,182,HardToInspect,N/A
166,Closeable_MeaninglessClose.mop,,,./src/main/java/com/fasterxml/jackson/core/json/UTF8JsonGenerator.java,1075,Falsealarm,N/A
167,Collections_SynchronizedCollection.mop,,,./src/main/java/org/springframework/beans/factory/annotation/InjectionMetadata.java,88,Truebug,N/A
168,Iterator_HasNext.mop,,,./src/main/java/org/jmxtrans/embedded/config/ConfigurationMergeTest.java,80,Falsealarm,N/A
169,Iterator_HasNext.mop,,,./src/main/java/org/jmxtrans/embedded/config/ConfigurationMergeTest.java,69,Falsealarm,N/A
170,Iterator_HasNext.mop,,,./src/main/java/org/jmxtrans/embedded/config/ConfigurationMergeTest.java,91,Falsealarm,N/A
171,Iterator_HasNext.mop,,,./src/main/java/org/jmxtrans/embedded/config/ConfigurationMergeTest.java,158,Falsealarm,N/A
172,Iterator_HasNext.mop,,,./src/main/java/org/jmxtrans/embedded/config/ConfigurationTest.java,77,Falsealarm,N/A
173,Iterator_HasNext.mop,,,./src/main/java/org/jmxtrans/embedded/config/ConfigurationTest.java,66,Falsealarm,N/A
174,Iterator_HasNext.mop,,,./src/main/java/org/jmxtrans/embedded/config/ConfigurationTest.java,109,Falsealarm,N/A
175,Iterator_HasNext.mop,,,./src/main/java/org/jmxtrans/embedded/config/ConfigurationTest.java,202,Falsealarm,N/A
176,Iterator_HasNext.mop,,,./src/main/java/org/springframework/beans/factory/annotation/AutowiredAnnotationBeanPostProcessor.java,492,Falsealarm,N/A
177,Iterator_HasNext.mop,,,./src/main/java/org/springframework/beans/factory/annotation/AutowiredAnnotationBeanPostProcessor.java,575,Falsealarm,N/A
178,Iterator_HasNext.mop,,,./src/main/java/org/springframework/beans/factory/support/DefaultListableBeanFactory.java,832,Falsealarm,N/A
179,File_LengthOnDirectory.mop,,,./src/main/java/jnr/posix/JavaFileStat.java,31,Falsealarm,N/A
180,SortedSet_Comparable.mop,,,./src/main/java/jnr/ffi/util/Annotations.java,33,Falsealarm,N/A
181,TreeSet_Comparable.mop,,,./src/main/java/jnr/ffi/util/Annotations.java,33,Falsealarm,N/A
182,ByteArrayOutputStream_FlushBeforeRetrieve.mop,,,./src/main/java/org/joda/time/field/TestMillisDurationField.java,205,Truebug,N/A
183,ByteArrayOutputStream_FlushBeforeRetrieve.mop,,,./src/main/java/org/joda/time/field/TestMillisDurationField.java,206,Falsealarm,N/A
184,ByteArrayOutputStream_FlushBeforeRetrieve.mop,,,./src/main/java/org/joda/time/field/TestPreciseDurationField.java,264,Truebug,N/A
185,ByteArrayOutputStream_FlushBeforeRetrieve.mop,,,./src/main/java/org/joda/time/field/TestPreciseDurationField.java,265,Falsealarm,N/A
186,ByteArrayOutputStream_FlushBeforeRetrieve.mop,,,./src/main/java/org/joda/time/field/TestScaledDurationField.java,281,Truebug,N/A
187,ByteArrayOutputStream_FlushBeforeRetrieve.mop,,,./src/main/java/org/joda/time/field/TestScaledDurationField.java,282,Falsealarm,N/A
188,ByteArrayOutputStream_FlushBeforeRetrieve.mop,,,./src/main/java/org/joda/time/TestDateMidnight_Basics.java,425,Truebug,N/A
189,ByteArrayOutputStream_FlushBeforeRetrieve.mop,,,./src/main/java/org/joda/time/TestDateMidnight_Basics.java,426,Falsealarm,N/A
190,ByteArrayOutputStream_FlushBeforeRetrieve.mop,,,./src/main/java/org/joda/time/TestDateTime_Basics.java,490,Truebug,N/A
191,ByteArrayOutputStream_FlushBeforeRetrieve.mop,,,./src/main/java/org/joda/time/TestDateTime_Basics.java,491,Falsealarm,N/A
192,ByteArrayOutputStream_FlushBeforeRetrieve.mop,,,./src/main/java/org/joda/time/TestDateTimeComparator.java,274,Truebug,N/A
193,ByteArrayOutputStream_FlushBeforeRetrieve.mop,,,./src/main/java/org/joda/time/TestDateTimeComparator.java,275,Falsealarm,N/A
194,ByteArrayOutputStream_FlushBeforeRetrieve.mop,,,./src/main/java/org/joda/time/TestDateTimeComparator.java,292,Truebug,N/A
195,ByteArrayOutputStream_FlushBeforeRetrieve.mop,,,./src/main/java/org/joda/time/TestDateTimeComparator.java,293,Falsealarm,N/A
196,ByteArrayOutputStream_FlushBeforeRetrieve.mop,,,./src/main/java/org/joda/time/TestDateTimeFieldType.java,317,Truebug,N/A
197,ByteArrayOutputStream_FlushBeforeRetrieve.mop,,,./src/main/java/org/joda/time/TestDateTimeFieldType.java,318,Falsealarm,N/A
198,ByteArrayOutputStream_FlushBeforeRetrieve.mop,,,./src/main/java/org/joda/time/TestDateTimeZone.java,1028,Truebug,N/A
199,ByteArrayOutputStream_FlushBeforeRetrieve.mop,,,./src/main/java/org/joda/time/TestDateTimeZone.java,1029,Falsealarm,N/A
200,ByteArrayOutputStream_FlushBeforeRetrieve.mop,,,./src/main/java/org/joda/time/TestDateTimeZone.java,1046,Truebug,N/A
201,ByteArrayOutputStream_FlushBeforeRetrieve.mop,,,./src/main/java/org/joda/time/TestDateTimeZone.java,1047,Falsealarm,N/A
202,ByteArrayOutputStream_FlushBeforeRetrieve.mop,,,./src/main/java/org/joda/time/TestDays.java,243,Truebug,N/A
203,ByteArrayOutputStream_FlushBeforeRetrieve.mop,,,./src/main/java/org/joda/time/TestDays.java,244,Falsealarm,N/A
204,ByteArrayOutputStream_FlushBeforeRetrieve.mop,,,./src/main/java/org/joda/time/TestDuration_Basics.java,240,Truebug,N/A
205,ByteArrayOutputStream_FlushBeforeRetrieve.mop,,,./src/main/java/org/joda/time/TestDuration_Basics.java,241,Falsealarm,N/A
206,ByteArrayOutputStream_FlushBeforeRetrieve.mop,,,./src/main/java/org/joda/time/TestDurationFieldType.java,179,Truebug,N/A
207,ByteArrayOutputStream_FlushBeforeRetrieve.mop,,,./src/main/java/org/joda/time/TestDurationFieldType.java,180,Falsealarm,N/A
208,ByteArrayOutputStream_FlushBeforeRetrieve.mop,,,./src/main/java/org/joda/time/TestHours.java,212,Truebug,N/A
209,ByteArrayOutputStream_FlushBeforeRetrieve.mop,,,./src/main/java/org/joda/time/TestHours.java,213,Falsealarm,N/A
210,ByteArrayOutputStream_FlushBeforeRetrieve.mop,,,./src/main/java/org/joda/time/TestInstant_Basics.java,370,Truebug,N/A
211,ByteArrayOutputStream_FlushBeforeRetrieve.mop,,,./src/main/java/org/joda/time/TestInstant_Basics.java,371,Falsealarm,N/A
212,ByteArrayOutputStream_FlushBeforeRetrieve.mop,,,./src/main/java/org/joda/time/TestInterval_Basics.java,1030,Truebug,N/A
213,ByteArrayOutputStream_FlushBeforeRetrieve.mop,,,./src/main/java/org/joda/time/TestInterval_Basics.java,1031,Falsealarm,N/A
214,ByteArrayOutputStream_FlushBeforeRetrieve.mop,,,./src/main/java/org/joda/time/TestLocalDate_Basics.java,1109,Truebug,N/A
215,ByteArrayOutputStream_FlushBeforeRetrieve.mop,,,./src/main/java/org/joda/time/TestLocalDate_Basics.java,1110,Falsealarm,N/A
216,ByteArrayOutputStream_FlushBeforeRetrieve.mop,,,./src/main/java/org/joda/time/TestLocalDateTime_Basics.java,1054,Truebug,N/A
217,ByteArrayOutputStream_FlushBeforeRetrieve.mop,,,./src/main/java/org/joda/time/TestLocalDateTime_Basics.java,1055,Falsealarm,N/A
218,ByteArrayOutputStream_FlushBeforeRetrieve.mop,,,./src/main/java/org/joda/time/TestLocalTime_Basics.java,769,Truebug,N/A
219,ByteArrayOutputStream_FlushBeforeRetrieve.mop,,,./src/main/java/org/joda/time/TestLocalTime_Basics.java,770,Falsealarm,N/A
220,ByteArrayOutputStream_FlushBeforeRetrieve.mop,,,./src/main/java/org/joda/time/TestMinutes.java,202,Truebug,N/A
221,ByteArrayOutputStream_FlushBeforeRetrieve.mop,,,./src/main/java/org/joda/time/TestMinutes.java,203,Falsealarm,N/A
222,ByteArrayOutputStream_FlushBeforeRetrieve.mop,,,./src/main/java/org/joda/time/TestMonthDay_Basics.java,772,Truebug,N/A
223,ByteArrayOutputStream_FlushBeforeRetrieve.mop,,,./src/main/java/org/joda/time/TestMonthDay_Basics.java,773,Falsealarm,N/A
224,ByteArrayOutputStream_FlushBeforeRetrieve.mop,,,./src/main/java/org/joda/time/TestMonths.java,229,Truebug,N/A
225,ByteArrayOutputStream_FlushBeforeRetrieve.mop,,,./src/main/java/org/joda/time/TestMonths.java,230,Falsealarm,N/A
226,ByteArrayOutputStream_FlushBeforeRetrieve.mop,,,./src/main/java/org/joda/time/TestMutableDateTime_Basics.java,394,Truebug,N/A
227,ByteArrayOutputStream_FlushBeforeRetrieve.mop,,,./src/main/java/org/joda/time/TestMutableDateTime_Basics.java,395,Falsealarm,N/A
228,ByteArrayOutputStream_FlushBeforeRetrieve.mop,,,./src/main/java/org/joda/time/TestMutableInterval_Basics.java,455,Truebug,N/A
229,ByteArrayOutputStream_FlushBeforeRetrieve.mop,,,./src/main/java/org/joda/time/TestMutableInterval_Basics.java,456,Falsealarm,N/A
230,ByteArrayOutputStream_FlushBeforeRetrieve.mop,,,./src/main/java/org/joda/time/TestMutablePeriod_Basics.java,166,Truebug,N/A
231,ByteArrayOutputStream_FlushBeforeRetrieve.mop,,,./src/main/java/org/joda/time/TestMutablePeriod_Basics.java,167,Falsealarm,N/A
232,ByteArrayOutputStream_FlushBeforeRetrieve.mop,,,./src/main/java/org/joda/time/TestPartial_Basics.java,784,Truebug,N/A
233,ByteArrayOutputStream_FlushBeforeRetrieve.mop,,,./src/main/java/org/joda/time/TestPartial_Basics.java,785,Falsealarm,N/A
234,ByteArrayOutputStream_FlushBeforeRetrieve.mop,,,./src/main/java/org/joda/time/TestPeriod_Basics.java,233,Truebug,N/A
235,ByteArrayOutputStream_FlushBeforeRetrieve.mop,,,./src/main/java/org/joda/time/TestPeriod_Basics.java,234,Falsealarm,N/A
236,ByteArrayOutputStream_FlushBeforeRetrieve.mop,,,./src/main/java/org/joda/time/TestPeriodType.java,113,Truebug,N/A
237,ByteArrayOutputStream_FlushBeforeRetrieve.mop,,,./src/main/java/org/joda/time/TestPeriodType.java,114,Falsealarm,N/A
238,ByteArrayOutputStream_FlushBeforeRetrieve.mop,,,./src/main/java/org/joda/time/TestPeriodType.java,128,Truebug,N/A
239,ByteArrayOutputStream_FlushBeforeRetrieve.mop,,,./src/main/java/org/joda/time/TestPeriodType.java,129,Falsealarm,N/A
240,ByteArrayOutputStream_FlushBeforeRetrieve.mop,,,./src/main/java/org/joda/time/TestSeconds.java,199,Truebug,N/A
241,ByteArrayOutputStream_FlushBeforeRetrieve.mop,,,./src/main/java/org/joda/time/TestSeconds.java,200,Falsealarm,N/A
242,ByteArrayOutputStream_FlushBeforeRetrieve.mop,,,./src/main/java/org/joda/time/TestTimeOfDay_Basics.java,856,Truebug,N/A
243,ByteArrayOutputStream_FlushBeforeRetrieve.mop,,,./src/main/java/org/joda/time/TestTimeOfDay_Basics.java,857,Falsealarm,N/A
244,ByteArrayOutputStream_FlushBeforeRetrieve.mop,,,./src/main/java/org/joda/time/TestWeeks.java,201,Truebug,N/A
245,ByteArrayOutputStream_FlushBeforeRetrieve.mop,,,./src/main/java/org/joda/time/TestWeeks.java,202,Falsealarm,N/A
246,ByteArrayOutputStream_FlushBeforeRetrieve.mop,,,./src/main/java/org/joda/time/TestYearMonth_Basics.java,606,Truebug,N/A
247,ByteArrayOutputStream_FlushBeforeRetrieve.mop,,,./src/main/java/org/joda/time/TestYearMonth_Basics.java,607,Falsealarm,N/A
248,ByteArrayOutputStream_FlushBeforeRetrieve.mop,,,./src/main/java/org/joda/time/TestYearMonthDay_Basics.java,782,Truebug,N/A
249,ByteArrayOutputStream_FlushBeforeRetrieve.mop,,,./src/main/java/org/joda/time/TestYearMonthDay_Basics.java,783,Falsealarm,N/A
250,ByteArrayOutputStream_FlushBeforeRetrieve.mop,,,./src/main/java/org/joda/time/TestYears.java,184,Truebug,N/A
251,ByteArrayOutputStream_FlushBeforeRetrieve.mop,,,./src/main/java/org/joda/time/TestYears.java,185,Falsealarm,N/A
252,ByteArrayOutputStream_FlushBeforeRetrieve.mop,,,./src/main/java/org/joda/time/tz/TestBuilder.java,291,Truebug,N/A
253,ByteArrayOutputStream_FlushBeforeRetrieve.mop,,,./src/main/java/org/joda/time/tz/TestCachedDateTimeZone.java,71,Truebug,N/A
254,ByteArrayOutputStream_FlushBeforeRetrieve.mop,,,./src/main/java/org/joda/time/tz/TestCachedDateTimeZone.java,72,Falsealarm,N/A
255,Closeable_MeaninglessClose.mop,,,./src/main/java/org/joda/time/tz/TestCompiler.java,152,Falsealarm,N/A
256,Comparable_CompareToNull.mop,,,./src/main/java/org/joda/time/field/TestMillisDurationField.java,193,Falsealarm,N/A
257,Comparable_CompareToNull.mop,,,./src/main/java/org/joda/time/field/TestPreciseDurationField.java,252,Falsealarm,N/A
258,Comparable_CompareToNull.mop,,,./src/main/java/org/joda/time/field/TestScaledDurationField.java,269,Falsealarm,N/A
259,Comparable_CompareToNull.mop,,,./src/main/java/org/joda/time/TestBaseSingleFieldPeriod.java,258,Falsealarm,N/A
260,Comparable_CompareToNull.mop,,,./src/main/java/org/joda/time/TestDateMidnight_Basics.java,322,Falsealarm,N/A
261,Comparable_CompareToNull.mop,,,./src/main/java/org/joda/time/TestDateTime_Basics.java,360,Falsealarm,N/A
262,Comparable_CompareToNull.mop,,,./src/main/java/org/joda/time/TestDuration_Basics.java,170,Falsealarm,N/A
263,Comparable_CompareToNull.mop,,,./src/main/java/org/joda/time/TestInstant_Basics.java,240,Falsealarm,N/A
264,Comparable_CompareToNull.mop,,,./src/main/java/org/joda/time/TestLocalDate_Basics.java,352,Falsealarm,N/A
265,Comparable_CompareToNull.mop,,,./src/main/java/org/joda/time/TestLocalDateTime_Basics.java,358,Falsealarm,N/A
266,Comparable_CompareToNull.mop,,,./src/main/java/org/joda/time/TestLocalTime_Basics.java,342,Falsealarm,N/A
267,Comparable_CompareToNull.mop,,,./src/main/java/org/joda/time/TestMonthDay_Basics.java,248,Falsealarm,N/A
268,Comparable_CompareToNull.mop,,,./src/main/java/org/joda/time/TestMutableDateTime_Basics.java,303,Falsealarm,N/A
269,Comparable_CompareToNull.mop,,,./src/main/java/org/joda/time/TestPartial_Basics.java,229,Falsealarm,N/A
270,Comparable_CompareToNull.mop,,,./src/main/java/org/joda/time/TestTimeOfDay_Basics.java,266,Falsealarm,N/A
271,Comparable_CompareToNull.mop,,,./src/main/java/org/joda/time/TestYearMonth_Basics.java,243,Falsealarm,N/A
272,Comparable_CompareToNull.mop,,,./src/main/java/org/joda/time/TestYearMonthDay_Basics.java,245,Falsealarm,N/A
273,Iterator_HasNext.mop,,,./src/main/java/org/joda/time/tz/TestUTCProvider.java,63,Falsealarm,N/A
274,StringTokenizer_HasMoreElements.mop,,,./src/main/java/org/joda/time/tz/ZoneInfoCompiler.java,697,Truebug,N/A
275,StringTokenizer_HasMoreElements.mop,,,./src/main/java/org/joda/time/tz/ZoneInfoCompiler.java,793,Truebug,N/A
276,StringTokenizer_HasMoreElements.mop,,,./src/main/java/org/joda/time/tz/ZoneInfoCompiler.java,799,Truebug,N/A
277,Math_ContendedRandom.mop,,,./src/main/java/org/apache/wicket/request/mapper/info/ComponentInfo.java,38,Falsealarm,N/A
278,Object_MonitorOwner.mop,,,./src/main/java/org/apache/wicket/application/ComponentInitializationListenerCollection.java,34,Falsealarm,N/A
279,Object_MonitorOwner.mop,,,./src/main/java/org/apache/wicket/application/ComponentInstantiationListenerCollection.java,32,Falsealarm,N/A
280,Object_MonitorOwner.mop,,,./src/main/java/org/apache/wicket/application/ComponentOnAfterRenderListenerCollection.java,32,Falsealarm,N/A
281,Object_MonitorOwner.mop,,,./src/main/java/org/apache/wicket/application/ComponentOnBeforeRenderListenerCollection.java,34,Falsealarm,N/A
282,Object_MonitorOwner.mop,,,./src/main/java/org/apache/wicket/request/cycle/RequestCycleListenerCollection.java,58,Falsealarm,N/A
283,Object_MonitorOwner.mop,,,./src/main/java/org/apache/wicket/request/cycle/RequestCycleListenerCollection.java,147,Falsealarm,N/A
284,Object_MonitorOwner.mop,,,./src/main/java/org/apache/wicket/request/cycle/RequestCycleListenerCollection.java,170,Falsealarm,N/A
285,Object_MonitorOwner.mop,,,./src/main/java/org/apache/wicket/util/listener/ListenerCollection.java,79,Falsealarm,N/A
286,Object_MonitorOwner.mop,,,./src/main/java/org/apache/wicket/util/listener/ListenerCollection.java,121,Falsealarm,N/A
287,Math_ContendedRandom.mop,,,./src/main/java/cn/jpush/example/JPushClientExample.java,105,Falsealarm,N/A
288,ByteArrayOutputStream_FlushBeforeRetrieve.mop,,,./src/main/java/net/logstash/logback/encoder/CompositeJsonEncoderTest.java,155,Falsealarm,N/A
289,ByteArrayOutputStream_FlushBeforeRetrieve.mop,,,./src/main/java/net/logstash/logback/encoder/CompositeJsonEncoderTest.java,157,Falsealarm,N/A
290,ByteArrayOutputStream_FlushBeforeRetrieve.mop,,,./src/main/java/net/logstash/logback/encoder/CompositeJsonEncoderTest.java,159,Falsealarm,N/A
291,ByteArrayOutputStream_FlushBeforeRetrieve.mop,,,./src/main/java/net/logstash/logback/encoder/CompositeJsonEncoderTest.java,85,Falsealarm,N/A
292,ByteArrayOutputStream_FlushBeforeRetrieve.mop,,,./src/main/java/net/logstash/logback/encoder/CompositeJsonEncoderTest.java,124,Falsealarm,N/A
293,Long_BadParsingArgs.mop,,,./src/main/java/net/logstash/logback/pattern/AbstractJsonPatternParser.java,149,Falsealarm,N/A
294,Iterator_HasNext.mop,,,./src/main/java/zmq/MultiMap.java,145,Falsealarm,N/A
295,Iterator_HasNext.mop,,,./src/main/java/zmq/MultiMap.java,161,Falsealarm,N/A
296,Map_ItselfAsValue.mop,,,./src/main/java/net/minidev/json/parser/JSONParserBase.java,442,Falsealarm,N/A
297,Closeable_MeaninglessClose.mop,,,./src/main/java/bolt/web/coffee/util/CoffeeScript.java,104,Falsealarm,N/A
298,Closeable_MeaninglessClose.mop,,,./src/main/java/bolt/web/coffee/util/FileHelper.java,95,Falsealarm,N/A
299,ByteArrayOutputStream_FlushBeforeRetrieve.mop,,,./src/main/java/org/eclipse/paho/client/mqttv3/internal/wire/MqttSubscribe.java,127,Truebug,N/A
300,ByteArrayOutputStream_FlushBeforeRetrieve.mop,,,./src/main/java/org/eclipse/paho/client/mqttv3/internal/wire/MqttUnsubscribe.java,103,Truebug,N/A
301,Iterator_HasNext.mop,,,./src/main/java/org/json/JSONObject.java,1408,Falsealarm,N/A
302,Iterator_HasNext.mop,,,./src/main/java/org/json/TestKeyOrdering.java,24,Falsealarm,N/A
303,Closeable_MeaninglessClose.mop,,,./src/main/java/uk/co/opsb/butler/ButlerIO.java,372,Falsealarm,N/A
304,Closeable_MeaninglessClose.mop,,,./src/main/java/uk/co/opsb/butler/ButlerIO.java,378,Falsealarm,N/A
305,Closeable_MultipleClose.mop,,,./src/main/java/org/apache/lucene/analysis/CharReader.java,49,Falsealarm,N/A
306,Closeable_MultipleClose.mop,,,./src/main/java/org/apache/lucene/index/IndexWriter.java,1589,HardToInspect,N/A
307,Iterator_HasNext.mop,,,./src/main/java/org/apache/lucene/search/BooleanQuery.java,305,Falsealarm,N/A
308,Iterator_HasNext.mop,,,./src/main/java/org/apache/lucene/search/Query.java,156,Falsealarm,N/A
309,Iterator_HasNext.mop,,,./src/main/java/org/apache/lucene/util/AttributeSource.java,310,Falsealarm,N/A
310,Iterator_HasNext.mop,,,./src/main/java/org/neo4j/kernel/impl/transaction/TransactionImpl.java,437,HardToInspect,N/A
311,Reader_ManipulateAfterClose.mop,,,./src/main/java/org/apache/lucene/analysis/CharReader.java,54,Falsealarm,N/A
312,Closeable_MultipleClose.mop,,,./src/main/java/org/apache/lucene/index/IndexWriter.java,1786,HardToInspect,N/A
313,Iterator_HasNext.mop,,,./src/main/java/org/neo4j/sqlimport/file/FileImportTest.java,59,Falsealarm,N/A
314,Iterator_HasNext.mop,,,./src/main/java/org/neo4j/sqlimport/file/FileImportTest.java,71,Falsealarm,N/A
315,Iterator_HasNext.mop,,,./src/main/java/org/neo4j/sqlimport/file/FileImportTest.java,85,Falsealarm,N/A
316,Iterator_HasNext.mop,,,./src/main/java/org/neo4j/sqlimport/file/FileImportTest.java,88,Falsealarm,N/A
317,ByteArrayOutputStream_FlushBeforeRetrieve.mop,,,./src/main/java/org/apache/pig/backend/hadoop/executionengine/mapReduceLayer/PigSplit.java,256,Truebug,N/A
318,File_LengthOnDirectory.mop,,,./src/main/java/org/apache/hadoop/fs/RawLocalFileSystem.java,375,Falsealarm,N/A
319,InputStream_UnmarkedReset.mop,,,./src/main/java/org/apache/hadoop/mapred/MapTask.java,579,Falsealarm,N/A
320,Iterator_HasNext.mop,,,./src/main/java/org/apache/hadoop/fs/FileSystem.java,1415,Falsealarm,N/A
321,Iterator_HasNext.mop,,,./src/main/java/org/apache/pig/data/BinInterSedes.java,521,Falsealarm,N/A
322,Iterator_HasNext.mop,,,./src/main/java/org/apache/pig/data/DefaultDataBag.java,157,Falsealarm,N/A
323,Iterator_HasNext.mop,,,./src/main/java/org/apache/pig/LoadFunc.java,154,Falsealarm,N/A
324,Iterator_HasNext.mop,,,./src/main/java/org/apache/pig/LoadFunc.java,155,Falsealarm,N/A
325,Iterator_HasNext.mop,,,./src/main/java/pignlproc/evaluation/MergeAsOpenNLPAnnotatedText.java,83,Falsealarm,N/A
326,Iterator_HasNext.mop,,,./src/main/java/pignlproc/helpers/SpanHelper.java,44,Falsealarm,N/A
327,Map_UnsafeIterator.mop,,,./src/main/java/org/apache/hadoop/mapred/jobcontrol/JobControl.java,78,Falsealarm,N/A
328,OutputStream_ManipulateAfterClose.mop,,,./src/main/java/org/apache/hadoop/fs/FSOutputSummer.java,132,HardToInspect,N/A
329,OutputStream_ManipulateAfterClose.mop,,,./src/main/java/org/apache/hadoop/fs/FSOutputSummer.java,150,Falsealarm,N/A
330,Collections_SynchronizedCollection.mop,,,./src/main/java/org/apache/activemq/broker/TransportConnection.java,732,Truebug,N/A
331,Collection_UnsafeIterator.mop,,,./src/main/java/org/apache/activemq/broker/TransportConnector.java,292,Falsealarm,N/A
332,Collection_UnsafeIterator.mop,,,./src/main/java/org/apache/activemq/usage/Usage.java,318,Falsealarm,N/A
333,ServerSocket_ReuseAddress.mop,,,./src/main/java/org/apache/activemq/broker/jmx/ManagementContext.java,422,Falsealarm,N/A
334,ShutdownHook_LateRegister.mop,,,./src/main/java/org/apache/activemq/broker/BrokerService.java,1972,Falsealarm,N/A
335,Closeable_MeaninglessClose.mop,,,./src/main/java/com/fasterxml/jackson/core/json/UTF8JsonGenerator.java,1058,Falsealarm,N/A
336,Iterator_HasNext.mop,,,./src/main/java/org/yaml/snakeyaml/emitter/Emitter.java,243,Falsealarm,N/A
337,Iterator_HasNext.mop,,,./src/main/java/org/yaml/snakeyaml/emitter/Emitter.java,243,Falsealarm,N/A
338,Iterator_HasNext.mop,,,./src/main/java/org/yaml/snakeyaml/scanner/ScannerImpl.java,436,Falsealarm,N/A
339,Socket_Timeout.mop,,,./src/main/java/org/apache/http/conn/ssl/SSLSocketFactory.java,413,Falsealarm,N/A
340,Socket_Timeout.mop,,,./src/main/java/org/apache/http/impl/conn/DefaultClientConnectionOperator.java,255,Falsealarm,N/A
341,SortedSet_Comparable.mop,,,./src/main/java/org/apache/http/impl/client/BasicCookieStore.java,77,Falsealarm,N/A
342,TreeSet_Comparable.mop,,,./src/main/java/org/apache/http/impl/client/BasicCookieStore.java,77,Falsealarm,N/A
343,Iterator_HasNext.mop,,,./src/main/java/com/fasterxml/jackson/dataformat/yaml/snakeyaml/scanner/ScannerImpl.java,436,Falsealarm,N/A
344,Iterator_HasNext.mop,,,./src/main/java/org/glassfish/jersey/server/internal/JerseyResourceContext.java,219,Falsealarm,N/A
345,Iterator_HasNext.mop,,,./src/main/java/org/glassfish/jersey/server/model/Resource.java,637,Falsealarm,N/A
346,Iterator_HasNext.mop,,,./src/main/java/org/glassfish/jersey/server/model/Resource.java,629,Falsealarm,N/A
347,SortedSet_Comparable.mop,,,./src/main/java/org/jvnet/hk2/internal/IndexedListData.java,78,Falsealarm,N/A
348,SortedSet_Comparable.mop,,,./src/main/java/org/jvnet/hk2/internal/IndexedListData.java,68,Falsealarm,N/A
349,TreeSet_Comparable.mop,,,./src/main/java/org/jvnet/hk2/internal/IndexedListData.java,78,Falsealarm,N/A
350,TreeSet_Comparable.mop,,,./src/main/java/org/jvnet/hk2/internal/IndexedListData.java,68,Falsealarm,N/A
351,Iterator_HasNext.mop,,,./src/main/java/com/romix/scala/collection/concurrent/TestReadOnlyAndUpdatableIterators.java,90,Falsealarm,N/A
352,Iterator_HasNext.mop,,,./src/main/java/com/romix/scala/collection/concurrent/TestReadOnlyAndUpdatableIterators.java,31,Falsealarm,N/A
353,Iterator_HasNext.mop,,,./src/main/java/com/romix/scala/collection/concurrent/TestReadOnlyAndUpdatableIterators.java,71,Falsealarm,N/A
354,Iterator_HasNext.mop,,,./src/main/java/com/romix/scala/collection/concurrent/TestReadOnlyAndUpdatableIterators.java,51,Falsealarm,N/A
355,Iterator_HasNext.mop,,,./src/main/java/com/romix/scala/collection/concurrent/TestReadOnlyAndUpdatableIterators.java,112,Falsealarm,N/A
356,Iterator_HasNext.mop,,,./src/main/java/com/romix/scala/collection/concurrent/TrieMap.java,746,Falsealarm,N/A
357,Map_UnsafeIterator.mop,,,./src/main/java/com/romix/scala/collection/concurrent/TestHashCollisionsRemoveIterator.java,21,Falsealarm,N/A
358,URLConnection_Connect.mop,,,./src/main/java/org/scribe/model/Response.java,29,Falsealarm,N/A
359,Iterator_HasNext.mop,,,./src/main/java/net/sourceforge/argparse4j/impl/choice/CollectionArgumentChoice.java,72,Falsealarm,N/A
360,ByteArrayOutputStream_FlushBeforeRetrieve.mop,,,./src/main/java/net/sf/ntru/encrypt/EncryptionParametersTest.java,53,Truebug,N/A
361,ByteArrayOutputStream_FlushBeforeRetrieve.mop,,,./src/main/java/net/sf/ntru/encrypt/EncryptionParametersTest.java,45,Truebug,N/A
362,ByteArrayOutputStream_FlushBeforeRetrieve.mop,,,./src/main/java/net/sf/ntru/sign/SignatureParametersTest.java,64,Truebug,N/A
363,ByteArrayOutputStream_FlushBeforeRetrieve.mop,,,./src/main/java/net/sf/ntru/sign/SignatureParametersTest.java,51,Truebug,N/A
364,ByteArrayOutputStream_FlushBeforeRetrieve.mop,,,./src/main/java/net/sf/ntru/sign/SignaturePrivateKey.java,153,Truebug,N/A
365,ByteArrayOutputStream_FlushBeforeRetrieve.mop,,,./src/main/java/net/sf/ntru/sign/SignaturePublicKey.java,98,Truebug,N/A
366,Random_OverrideNext.mop,,,./src/main/java/net/sf/ntru/encrypt/PassphraseBasedPRNG.java,1,Falsealarm,N/A
367,Closeable_MultipleClose.mop,,,./src/main/java/com/google/common/io/Closeables.java,80,Falsealarm,N/A
368,Iterator_HasNext.mop,,,./src/main/java/com/google/common/collect/SingletonImmutableSet.java,99,Falsealarm,N/A
369,Iterator_HasNext.mop,,,./src/main/java/com/mongodb/DBApiLayer.java,282,Falsealarm,N/A
370,Iterator_HasNext.mop,,,./src/main/java/com/mongodb/DBApiLayer.java,329,Falsealarm,N/A
371,Iterator_HasNext.mop,,,./src/main/java/com/mongodb/DBCollection.java,362,Falsealarm,N/A
372,Iterator_HasNext.mop,,,./src/main/java/com/mongodb/DBCollection.java,333,Falsealarm,N/A
373,Iterator_HasNext.mop,,,./src/main/java/jmockmongo/DefaultQueryHandler.java,214,Falsealarm,N/A
374,Iterator_HasNext.mop,,,./src/main/java/jmockmongo/wire/ReplyHandler.java,84,Falsealarm,N/A
375,Map_UnsafeIterator.mop,,,./src/main/java/org/jboss/netty/channel/group/DefaultChannelGroup.java,180,Falsealarm,N/A
376,Map_UnsafeIterator.mop,,,./src/main/java/org/jboss/netty/channel/group/DefaultChannelGroup.java,183,Falsealarm,N/A
377,ServerSocket_Backlog.mop,,,./src/main/java/org/jboss/netty/channel/socket/nio/NioServerSocketPipelineSink.java,140,Falsealarm,N/A
378,Socket_Timeout.mop,,,./src/main/java/com/mongodb/DBPort.java,222,Falsealarm,N/A
379,ByteArrayOutputStream_FlushBeforeRetrieve.mop,,,./src/main/java/playn/core/json/InternalJsonWriterTest.java,104,Truebug,N/A
380,Closeable_MeaninglessClose.mop,,,./src/main/java/com/fasterxml/jackson/core/json/UTF8StreamJsonParser.java,239,Falsealarm,N/A
381,Closeable_MeaninglessClose.mop,,,./src/main/java/org/springframework/util/FileCopyUtils.java,121,Falsealarm,N/A
382,Closeable_MeaninglessClose.mop,,,./src/main/java/org/springframework/util/FileCopyUtils.java,126,Falsealarm,N/A
383,Closeable_MeaninglessClose.mop,,,./src/main/java/org/springframework/util/FileCopyUtils.java,148,Falsealarm,N/A
384,Iterator_HasNext.mop,,,./src/main/java/com/fasterxml/jackson/databind/introspect/POJOPropertiesCollector.java,748,Falsealarm,N/A
385,Collections_SynchronizedCollection.mop,,,./src/main/java/org/testng/reporters/JUnitXMLReporter.java,146,Truebug,N/A
386,Collections_SynchronizedCollection.mop,,,./src/main/java/org/testng/reporters/JUnitXMLReporter.java,149,Truebug,N/A
387,Collections_SynchronizedCollection.mop,,,./src/main/java/org/testng/reporters/TestHTMLReporter.java,77,Truebug,N/A
388,SortedSet_Comparable.mop,,,./src/main/java/org/testng/reporters/EmailableReporter.java,321,Falsealarm,N/A
389,TreeSet_Comparable.mop,,,./src/main/java/org/testng/reporters/EmailableReporter.java,321,Falsealarm,N/A
390,Map_UnsafeIterator.mop,,,./src/main/java/org/jboss/netty/channel/group/DefaultChannelGroup.java,188,Falsealarm,N/A
391,ServerSocket_Backlog.mop,,,./src/main/java/org/jboss/netty/channel/socket/nio/NioServerSocketPipelineSink.java,148,Falsealarm,N/A
392,ByteArrayOutputStream_FlushBeforeRetrieve.mop,,,./src/main/java/org/jboss/jandex/test/BasicTestCase.java,138,Falsealarm,N/A
393,ByteArrayOutputStream_FlushBeforeRetrieve.mop,,,./src/main/java/org/jboss/jandex/test/BasicTestCase.java,153,Falsealarm,N/A
394,ByteArrayOutputStream_FlushBeforeRetrieve.mop,,,./src/main/java/org/jboss/jandex/test/TypeAnnotationTestCase.java,59,Falsealarm,N/A
395,Iterator_HasNext.mop,,,./src/main/java/org/jboss/jandex/CompositeIndex.java,107,Falsealarm,N/A
396,Iterator_HasNext.mop,,,./src/main/java/org/jboss/jandex/Index.java,108,Falsealarm,N/A
397,StringTokenizer_HasMoreElements.mop,,,./src/main/java/org/apache/maven/artifact/versioning/DefaultArtifactVersion.java,232,Falsealarm,N/A
398,Collections_SynchronizedCollection.mop,,,./src/main/java/org/testng/reporters/JUnitXMLReporter.java,175,Truebug,N/A
399,Collections_SynchronizedCollection.mop,,,./src/main/java/org/testng/reporters/JUnitXMLReporter.java,178,Truebug,N/A
400,Collections_SynchronizedCollection.mop,,,./src/main/java/org/testng/reporters/SuiteHTMLReporter.java,365,Truebug,N/A
401,Collections_SynchronizedCollection.mop,,,./src/main/java/org/testng/reporters/TestHTMLReporter.java,78,Truebug,N/A
402,Math_ContendedRandom.mop,,,./src/main/java/CoreTest.java,210,Falsealarm,N/A
403,Math_ContendedRandom.mop,,,./src/main/java/TestData.java,115,Falsealarm,N/A
404,Math_ContendedRandom.mop,,,./src/main/java/TestData.java,121,Falsealarm,N/A
405,Math_ContendedRandom.mop,,,./src/main/java/TestData.java,129,Falsealarm,N/A
406,Closeable_MeaninglessClose.mop,,,./src/main/java/com/fasterxml/jackson/dataformat/yaml/UTF8Reader.java,121,Falsealarm,N/A
407,Closeable_MeaninglessClose.mop,,,./src/main/java/com/fasterxml/jackson/dataformat/yaml/YAMLGenerator.java,378,Falsealarm,N/A
408,Closeable_MultipleClose.mop,,,./src/main/java/com/fasterxml/jackson/dataformat/yaml/EventsTest.java,50,Falsealarm,N/A
409,Closeable_MultipleClose.mop,,,./src/main/java/com/fasterxml/jackson/dataformat/yaml/SimpleGenerationTest.java,41,Falsealarm,N/A
410,Iterator_HasNext.mop,,,./src/main/java/com/fasterxml/jackson/dataformat/yaml/SimpleGenerationTest.java,96,Falsealarm,N/A
411,Iterator_HasNext.mop,,,./src/main/java/org/yaml/snakeyaml/emitter/Emitter.java,242,Falsealarm,N/A
412,Iterator_HasNext.mop,,,./src/main/java/org/yaml/snakeyaml/emitter/Emitter.java,243,Falsealarm,N/A
413,Iterator_HasNext.mop,,,./src/main/java/org/yaml/snakeyaml/scanner/ScannerImpl.java,436,Falsealarm,N/A
414,Iterator_HasNext.mop,,,./src/main/java/unquietcode/tools/esm/GenericStateMachine.java,602,Falsealarm,N/A
415,Iterator_HasNext.mop,,,./src/main/java/com/artemis/managers/SingletonEntityManagerTest.java,33,Falsealarm,N/A
416,Iterator_HasNext.mop,,,./src/main/java/com/artemis/managers/SingletonEntityManagerTest.java,41,Falsealarm,N/A
417,Iterator_HasNext.mop,,,./src/main/java/com/artemis/managers/SingletonEntityManagerTest.java,49,Falsealarm,N/A
418,Iterator_HasNext.mop,,,./src/main/java/com/artemis/managers/SingletonEntityManagerTest.java,58,Falsealarm,N/A
419,Random_OverrideNext.mop,,,./src/main/java/com/badlogic/gdx/math/RandomXS128.java,1,Falsealarm,N/A
420,Closeable_MultipleClose.mop,,,./src/main/java/org/elasticsearch/common/jackson/core/json/UTF8JsonGenerator.java,1083,Falsealarm,N/A
421,Closeable_MultipleClose.mop,,,./src/main/java/org/elasticsearch/common/xcontent/json/JsonXContentGenerator.java,303,Falsealarm,N/A
422,SortedSet_Comparable.mop,,,./src/main/java/org/elasticsearch/common/Strings.java,994,Falsealarm,N/A
423,TreeSet_Comparable.mop,,,./src/main/java/org/elasticsearch/common/Strings.java,994,Falsealarm,N/A
424,Long_BadParsingArgs.mop,,,./src/main/java/org/ebaysf/web/cors/CORSFilter.java,750,Falsealarm,N/A
425,OutputStream_ManipulateAfterClose.mop,,,./src/main/java/org/kamranzafar/jtar/TarOutputStream.java,71,Falsealarm,N/A
426,OutputStream_ManipulateAfterClose.mop,,,./src/main/java/org/kamranzafar/jtar/TarOutputStream.java,159,HardToInspect,N/A
427,Iterator_RemoveOnce.mop,,,./src/main/java/org/jsoup/helper/DescendableLinkedList.java,79,Falsealarm,N/A
428,StringTokenizer_HasMoreElements.mop,,,./src/main/java/com/soulgalore/crawler/util/AuthUtil.java,50,Falsealarm,N/A
429,ByteArrayOutputStream_FlushBeforeRetrieve.mop,,,./src/main/java/org/apache/zookeeper/ClientCnxn.java,292,Falsealarm,N/A
430,ByteArrayOutputStream_FlushBeforeRetrieve.mop,,,./src/main/java/org/apache/zookeeper/proto/CreateRequest.java,121,Falsealarm,N/A
431,ByteArrayOutputStream_FlushBeforeRetrieve.mop,,,./src/main/java/org/apache/zookeeper/proto/CreateResponse.java,56,Falsealarm,N/A
432,ByteArrayOutputStream_FlushBeforeRetrieve.mop,,,./src/main/java/org/apache/zookeeper/proto/DeleteRequest.java,68,Falsealarm,N/A
433,ByteArrayOutputStream_FlushBeforeRetrieve.mop,,,./src/main/java/org/apache/zookeeper/proto/GetChildrenRequest.java,68,Falsealarm,N/A
434,ByteArrayOutputStream_FlushBeforeRetrieve.mop,,,./src/main/java/org/apache/zookeeper/proto/GetChildrenResponse.java,84,Falsealarm,N/A
435,ByteArrayOutputStream_FlushBeforeRetrieve.mop,,,./src/main/java/org/apache/zookeeper/proto/ReplyHeader.java,80,Falsealarm,N/A
436,ByteArrayOutputStream_FlushBeforeRetrieve.mop,,,./src/main/java/org/apache/zookeeper/proto/RequestHeader.java,68,Falsealarm,N/A
437,ByteArrayOutputStream_FlushBeforeRetrieve.mop,,,./src/main/java/org/apache/zookeeper/server/NIOServerCnxn.java,1073,Truebug,N/A
438,ByteArrayOutputStream_FlushBeforeRetrieve.mop,,,./src/main/java/org/apache/zookeeper/server/persistence/Util.java,265,Truebug,N/A
439,ByteArrayOutputStream_FlushBeforeRetrieve.mop,,,./src/main/java/org/apache/zookeeper/server/ZKDatabase.java,258,Truebug,N/A
440,ByteArrayOutputStream_FlushBeforeRetrieve.mop,,,./src/main/java/org/apache/zookeeper/server/ZooKeeperServer.java,583,Truebug,N/A
441,Closeable_MeaninglessClose.mop,,,./src/main/java/org/apache/zookeeper/ClientCnxn.java,291,Falsealarm,N/A
442,Closeable_MeaninglessClose.mop,,,./src/main/java/org/apache/zookeeper/server/NIOServerCnxn.java,1069,Falsealarm,N/A
443,Closeable_MeaninglessClose.mop,,,./src/main/java/org/apache/zookeeper/server/ZKDatabase.java,254,Falsealarm,N/A
444,Closeable_MeaninglessClose.mop,,,./src/main/java/org/apache/zookeeper/server/ZooKeeperServer.java,582,Falsealarm,N/A
445,ByteArrayOutputStream_FlushBeforeRetrieve.mop,,,./src/main/java/org/apache/commons/imaging/common/mylzw/MyLzwCompressor.java,296,Falsealarm,N/A
446,ByteArrayOutputStream_FlushBeforeRetrieve.mop,,,./src/main/java/org/apache/commons/imaging/formats/jpeg/exif/ExifRewriter.java,577,Falsealarm,N/A
447,ByteArrayOutputStream_FlushBeforeRetrieve.mop,,,./src/main/java/org/apache/commons/imaging/formats/jpeg/iptc/IptcParser.java,442,Falsealarm,N/A
448,ByteArrayOutputStream_FlushBeforeRetrieve.mop,,,./src/main/java/org/apache/commons/imaging/Sanselan.java,1368,Falsealarm,N/A
449,Closeable_MeaninglessClose.mop,,,./src/main/java/org/apache/commons/imaging/formats/bmp/BmpImageParser.java,724,Falsealarm,N/A
450,Closeable_MeaninglessClose.mop,,,./src/main/java/org/apache/commons/imaging/formats/bmp/BmpImageParser.java,614,Falsealarm,N/A
451,Closeable_MeaninglessClose.mop,,,./src/main/java/org/apache/commons/imaging/formats/bmp/BmpImageParser.java,506,Falsealarm,N/A
452,Closeable_MeaninglessClose.mop,,,./src/main/java/org/apache/commons/imaging/formats/gif/GifImageParser.java,507,Falsealarm,N/A
453,Closeable_MeaninglessClose.mop,,,./src/main/java/org/apache/commons/imaging/formats/icns/IcnsImageParser.java,277,Falsealarm,N/A
454,Closeable_MeaninglessClose.mop,,,./src/main/java/org/apache/commons/imaging/formats/jpeg/exif/ExifRewriter.java,545,Falsealarm,N/A
455,Closeable_MeaninglessClose.mop,,,./src/main/java/org/apache/commons/imaging/formats/jpeg/JpegUtils.java,111,Falsealarm,N/A
456,Closeable_MeaninglessClose.mop,,,./src/main/java/org/apache/commons/imaging/formats/png/PngImageParser.java,264,Falsealarm,N/A
457,Closeable_MeaninglessClose.mop,,,./src/main/java/org/apache/commons/imaging/formats/png/PngWriter.java,654,Falsealarm,N/A
458,Closeable_MeaninglessClose.mop,,,./src/main/java/org/apache/commons/imaging/formats/pnm/PnmImageParser.java,299,Falsealarm,N/A
459,Closeable_MeaninglessClose.mop,,,./src/main/java/org/apache/commons/imaging/formats/pnm/PnmImageParser.java,143,Falsealarm,N/A
460,Closeable_MeaninglessClose.mop,,,./src/main/java/org/apache/commons/imaging/formats/tiff/TiffReader.java,300,Falsealarm,N/A
461,Closeable_MeaninglessClose.mop,,,./src/main/java/org/apache/commons/imaging/formats/tiff/TiffReader.java,59,Falsealarm,N/A
462,Closeable_MeaninglessClose.mop,,,./src/main/java/org/apache/commons/imaging/Sanselan.java,236,Falsealarm,N/A
463,Closeable_MeaninglessClose.mop,,,./src/main/java/org/apache/commons/imaging/util/IoUtils.java,76,Falsealarm,N/A
464,Closeable_MeaninglessClose.mop,,,./src/main/java/org/apache/commons/imaging/util/IoUtils.java,129,Falsealarm,N/A
465,Closeable_MultipleClose.mop,,,./src/main/java/org/apache/commons/imaging/examples/WriteExifMetadataExample.java,155,Falsealarm,N/A
466,Closeable_MultipleClose.mop,,,./src/main/java/org/apache/commons/imaging/examples/WriteExifMetadataExample.java,162,Falsealarm,N/A
467,Closeable_MultipleClose.mop,,,./src/main/java/org/apache/commons/imaging/formats/jpeg/iptc/IptcUpdateTest.java,398,Falsealarm,N/A
468,Closeable_MultipleClose.mop,,,./src/main/java/org/apache/commons/imaging/formats/jpeg/iptc/IptcUpdateTest.java,158,Falsealarm,N/A
469,Closeable_MultipleClose.mop,,,./src/main/java/org/apache/commons/imaging/formats/jpeg/iptc/IptcUpdateTest.java,205,Falsealarm,N/A
470,Closeable_MultipleClose.mop,,,./src/main/java/org/apache/commons/imaging/formats/jpeg/iptc/IptcUpdateTest.java,251,Falsealarm,N/A
471,Closeable_MultipleClose.mop,,,./src/main/java/org/apache/commons/imaging/formats/jpeg/iptc/IptcUpdateTest.java,298,Falsealarm,N/A
472,Closeable_MultipleClose.mop,,,./src/main/java/org/apache/commons/imaging/formats/jpeg/iptc/IptcUpdateTest.java,100,Falsealarm,N/A
473,Closeable_MultipleClose.mop,,,./src/main/java/org/apache/commons/imaging/formats/jpeg/xmp/JpegXmpRewriteTest.java,104,Falsealarm,N/A
474,Closeable_MultipleClose.mop,,,./src/main/java/org/apache/commons/imaging/formats/jpeg/xmp/JpegXmpRewriteTest.java,133,Falsealarm,N/A
475,Closeable_MultipleClose.mop,,,./src/main/java/org/apache/commons/imaging/formats/jpeg/xmp/JpegXmpRewriteTest.java,76,Falsealarm,N/A
476,Closeable_MultipleClose.mop,,,./src/main/java/org/apache/commons/imaging/Sanselan.java,1333,Falsealarm,N/A
477,ByteArrayOutputStream_FlushBeforeRetrieve.mop,,,./src/main/java/org/apache/commons/cli/bug/BugsTest.java,249,Falsealarm,N/A
478,ByteArrayOutputStream_FlushBeforeRetrieve.mop,,,./src/main/java/org/apache/commons/cli/bug/BugsTest.java,257,Falsealarm,N/A
479,Closeable_MeaninglessClose.mop,,,./src/main/java/com/fasterxml/jackson/core/json/WriterBasedJsonGenerator.java,874,Falsealarm,N/A
480,Closeable_MultipleClose.mop,,,./src/main/java/net/hamnaberg/json/parser/CollectionParser.java,40,Falsealarm,N/A
481,Closeable_MultipleClose.mop,,,./src/main/java/net/hamnaberg/json/parser/CollectionParser.java,75,Falsealarm,N/A
482,Socket_Timeout.mop,,,./src/main/java/org/apache/commons/httpclient/HttpConnection.java,722,Falsealarm,N/A
483,Socket_Timeout.mop,,,./src/main/java/org/apache/commons/httpclient/HttpConnection.java,643,Falsealarm,N/A
484,Closeable_MultipleClose.mop,,,./src/main/java/com/thoughtworks/paranamer/BytecodeReadingParanamer.java,106,Falsealarm,N/A
485,OutputStream_ManipulateAfterClose.mop,,,./src/main/java/org/apache/hadoop/fs/FSOutputSummer.java,150,Falsealarm,N/A
486,Closeable_MultipleClose.mop,,,./src/main/java/org/apache/hadoop/fs/ChecksumFileSystem.java,202,Falsealarm,N/A
487,OutputStream_ManipulateAfterClose.mop,,,./src/main/java/org/apache/hadoop/fs/FSOutputSummer.java,175,Falsealarm,N/A
488,Closeable_MultipleClose.mop,,,./src/main/java/org/apache/hadoop/io/IOUtils.java,237,Falsealarm,N/A
489,Closeable_MultipleClose.mop,,,./src/main/java/org/apache/hadoop/fs/RawLocalFileSystem.java,218,Falsealarm,N/A
490,Closeable_MultipleClose.mop,,,./src/main/java/org/apache/hadoop/fs/ChecksumFileSystem.java,400,Falsealarm,N/A
491,OutputStream_ManipulateAfterClose.mop,,,./src/main/java/org/apache/hadoop/fs/FSDataOutputStream.java,58,Falsealarm,N/A
492,Closeable_MultipleClose.mop,,,./src/main/java/org/apache/gora/avro/store/TestAvroStore.java,86,Falsealarm,N/A
493,Closeable_MultipleClose.mop,,,./src/main/java/org/apache/hadoop/fs/ChecksumFileSystem.java,401,Falsealarm,N/A
494,Closeable_MultipleClose.mop,,,./src/main/java/org/apache/hadoop/fs/FSDataOutputStream.java,106,Falsealarm,N/A
495,Closeable_MultipleClose.mop,,,./src/main/java/org/apache/hadoop/fs/FSDataOutputStream.java,72,Falsealarm,N/A
496,Closeable_MultipleClose.mop,,,./src/main/java/uk/co/opsb/butler/ButlerIO.java,372,Falsealarm,N/A
497,OutputStream_ManipulateAfterClose.mop,,,./src/main/java/org/apache/hadoop/fs/RawLocalFileSystem.java,220,Falsealarm,N/A
498,Closeable_MultipleClose.mop,,,./src/main/java/org/apache/hadoop/fs/ChecksumFileSystem.java,200,Falsealarm,N/A
499,Iterator_HasNext.mop,,,./src/main/java/org/javatuples/Unit.java,90,Falsealarm,N/A
500,Collections_SynchronizedCollection.mop,,,./src/main/java/com/amazonaws/http/AmazonHttpClient.java,163,Falsealarm,N/A
501,Collections_SynchronizedCollection.mop,,,./src/main/java/com/amazonaws/http/AmazonHttpClient.java,180,Falsealarm,N/A
502,InetSocketAddress_Port.mop,,,./src/main/java/com/urbancode/terraform/tasks/aws/helpers/SshHelper.java,152,Truebug,N/A
503,Iterator_RemoveOnce.mop,,,./src/main/java/org/apache/http/impl/conn/tsccm/RouteSpecificPool.java,179,Falsealarm,N/A
504,Socket_InputStreamUnavailable.mop,,,./src/main/java/com/urbancode/terraform/tasks/aws/helpers/SshHelper.java,160,Falsealarm,N/A
505,Socket_OutputStreamUnavailable.mop,,,./src/main/java/com/urbancode/terraform/tasks/aws/helpers/SshHelper.java,160,Falsealarm,N/A
506,Socket_Timeout.mop,,,./src/main/java/org/apache/commons/httpclient/HttpConnection.java,722,Falsealarm,N/A
507,Socket_Timeout.mop,,,./src/main/java/org/apache/commons/httpclient/HttpConnection.java,643,Falsealarm,N/A
508,Math_ContendedRandom.mop,,,./src/main/java/net/edzard/kinetic/ColourPalette.java,153,Falsealarm,N/A
509,Enum_NoExtraWhiteSpace.mop,,,./src/main/java/org/jboss/websockets/FrameType.java,6,Falsealarm,N/A
510,Enum_NoExtraWhiteSpace.mop,,,./src/main/java/org/jboss/websockets/oio/internal/WebSocketHeaders.java,25,Falsealarm,N/A
511,Long_BadParsingArgs.mop,,,./src/main/java/org/jboss/websockets/oio/internal/protocol/ietf00/Hybi00Handshake.java,117,Truebug,N/A
512,Closeable_MultipleClose.mop,,,./src/main/java/com/google/gson/stream/JsonWriter.java,290,Falsealarm,N/A
513,Closeable_MultipleClose.mop,,,./src/main/java/com/google/gson/stream/JsonWriter.java,310,Falsealarm,N/A
514,Enum_NoExtraWhiteSpace.mop,,,./src/main/java/com/khs/sherpa/annotation/ContentType.java,18,Falsealarm,N/A
515,Enum_NoExtraWhiteSpace.mop,,,./src/main/java/com/khs/sherpa/annotation/MethodRequest.java,18,Falsealarm,N/A
516,Enum_NoExtraWhiteSpace.mop,,,./src/main/java/com/khs/sherpa/json/service/SessionStatus.java,19,Falsealarm,N/A
517,Iterator_HasNext.mop,,,./src/main/java/org/jboss/jandex/CompositeIndex.java,154,Falsealarm,N/A
518,Iterator_HasNext.mop,,,./src/main/java/org/jboss/jandex/Index.java,145,Falsealarm,N/A
519,Closeable_MeaninglessClose.mop,,,./src/main/java/com/ovea/jetty/session/serializer/jboss/serial/io/MarshalledObject.java,67,Falsealarm,N/A
520,OutputStream_ManipulateAfterClose.mop,,,./src/main/java/com/ovea/jetty/session/serializer/jboss/serial/io/JBossObjectOutputStream.java,249,Falsealarm,N/A
521,Collections_SynchronizedMap.mop,,,./src/main/java/com/thoughtworks/xstream/core/DefaultConverterLookup.java,66,Falsealarm,N/A
522,Iterator_HasNext.mop,,,./src/main/java/com/thoughtworks/xstream/mapper/AnnotationMapper.java,254,Falsealarm,N/A
523,Iterator_HasNext.mop,,,./src/main/java/com/thoughtworks/xstream/mapper/AnnotationMapper.java,163,Falsealarm,N/A
524,Serializable_NoArgConstructor.mop,,,./src/main/java/com/thoughtworks/xstream/mapper/PackageAliasingMapper.java,31,HardToInspect,N/A
525,SortedSet_Comparable.mop,,,./src/main/java/com/thoughtworks/xstream/core/JVM.java,69,Falsealarm,N/A
526,SortedSet_Comparable.mop,,,./src/main/java/com/thoughtworks/xstream/core/JVM.java,71,Falsealarm,N/A
527,TreeSet_Comparable.mop,,,./src/main/java/com/thoughtworks/xstream/core/JVM.java,71,Falsealarm,N/A
528,Iterator_HasNext.mop,,,./src/main/java/org/yaml/snakeyaml/scanner/ScannerImpl.java,374,HardToInspect,N/A
529,Closeable_MultipleClose.mop,,,./src/main/java/org/codehaus/jackson/map/ObjectMapper.java,2740,Falsealarm,N/A
530,Enum_NoExtraWhiteSpace.mop,,,./src/main/java/ru/frostman/dropbox/api/model/ThumbnailFormat.java,26,Falsealarm,N/A
531,Enum_NoExtraWhiteSpace.mop,,,./src/main/java/ru/frostman/dropbox/api/model/ThumbnailSize.java,26,Falsealarm,N/A
532,URLConnection_Connect.mop,,,./src/main/java/org/scribe/model/Response.java,27,Falsealarm,N/A
533,Iterator_HasNext.mop,,,./src/main/java/com/google/inject/internal/util/ImmutableSet.java,154,Falsealarm,N/A
534,Iterator_HasNext.mop,,,./src/main/java/com/google/inject/internal/util/Iterators.java,134,Falsealarm,N/A
535,Iterator_HasNext.mop,,,./src/main/java/com/google/inject/internal/util/Iterators.java,135,Falsealarm,N/A
536,Iterator_HasNext.mop,,,./src/main/java/com/google/inject/spi/InjectionPoint.java,114,Falsealarm,N/A
537,Long_BadParsingArgs.mop,,,./src/main/java/com/google/appengine/tools/appstats/MiniProfilerAppstats.java,52,Truebug,N/A
538,Closeable_MultipleClose.mop,,,./src/main/java/org/jboss/netty/channel/socket/nio/AbstractNioWorker.java,601,Falsealarm,N/A
539,Iterator_HasNext.mop,,,./src/main/java/org/apache/lucene/search/Query.java,152,Falsealarm,N/A
540,Long_BadParsingArgs.mop,,,./src/main/java/com/greplin/interval/LongInterval.java,108,Truebug,N/A
541,Long_BadParsingArgs.mop,,,./src/main/java/com/greplin/interval/NumericIntervalField.java,121,Truebug,N/A
542,Enum_NoExtraWhiteSpace.mop,,,./src/main/java/com/notnoop/mpns/DeliveryClass.java,40,Falsealarm,N/A
543,Enum_NoExtraWhiteSpace.mop,,,./src/main/java/com/notnoop/mpns/MpnsResponse.java,36,Falsealarm,N/A
544,Closeable_MultipleClose.mop,,,./src/main/java/eu/mrico/creole/ASTDebugger.java,45,Falsealarm,N/A
545,HttpURLConnection_SetBeforeConnect.mop,,,./src/main/java/org/scribe/model/Request.java,102,Falsealarm,N/A
546,URLConnection_SetBeforeConnect.mop,,,./src/main/java/org/scribe/model/Request.java,102,Falsealarm,N/A
547,Enum_NoExtraWhiteSpace.mop,,,./src/main/java/de/strullerbaumann/visualee/dependency/entity/DependencyType.java,28,Falsealarm,N/A
548,Closeable_MultipleClose.mop,,,./src/main/java/com/google/gson/stream/JsonWriter.java,290,Falsealarm,N/A
549,Closeable_MultipleClose.mop,,,./src/main/java/com/google/gson/stream/JsonWriter.java,310,Falsealarm,N/A
550,Socket_Timeout.mop,,,./src/main/java/org/apache/http/conn/ssl/SSLSocketFactory.java,548,Falsealarm,N/A
551,Socket_Timeout.mop,,,./src/main/java/org/apache/http/impl/conn/DefaultClientConnectionOperator.java,255,Falsealarm,N/A
552,Enum_NoExtraWhiteSpace.mop,,,./src/main/java/us/bpsm/edn/parser/Token.java,8,Falsealarm,N/A
553,Enum_NoExtraWhiteSpace.mop,,,./src/main/java/net/sf/jsqlparser/expression/AnyType.java,46,Falsealarm,N/A
554,Enum_NoExtraWhiteSpace.mop,,,./src/main/java/net/sf/jsqlparser/expression/operators/relational/RegExpMatchOperatorType.java,28,Falsealarm,N/A
555,Long_BadParsingArgs.mop,,,./src/main/java/net/sf/jsqlparser/expression/LongValue.java,37,Truebug,N/A
556,Enum_NoExtraWhiteSpace.mop,,,./src/main/java/com/octo/java/sql/exp/Constant.java,21,Falsealarm,N/A
557,Enum_NoExtraWhiteSpace.mop,,,./src/main/java/com/octo/java/sql/exp/Operator.java,19,Falsealarm,N/A
558,Byte_BadParsingArgs.mop,,,./src/main/java/org/trendafilov/confucius/core/AbstractConfiguration.java,106,Truebug,N/A
559,Byte_BadParsingArgs.mop,,,./src/main/java/org/trendafilov/confucius/core/AbstractConfiguration.java,100,Falsealarm,N/A
560,Byte_BadParsingArgs.mop,,,./src/main/java/org/trendafilov/confucius/core/AbstractConfiguration.java,95,Truebug,N/A
561,Long_BadParsingArgs.mop,,,./src/main/java/org/trendafilov/confucius/core/AbstractConfiguration.java,206,Truebug,N/A
562,Long_BadParsingArgs.mop,,,./src/main/java/org/trendafilov/confucius/core/AbstractConfiguration.java,195,Falsealarm,N/A
563,Long_BadParsingArgs.mop,,,./src/main/java/org/trendafilov/confucius/core/AbstractConfiguration.java,200,Falsealarm,N/A
564,Short_BadParsingArgs.mop,,,./src/main/java/org/trendafilov/confucius/core/AbstractConfiguration.java,226,Truebug,N/A
565,Short_BadParsingArgs.mop,,,./src/main/java/org/trendafilov/confucius/core/AbstractConfiguration.java,215,Falsealarm,N/A
566,Short_BadParsingArgs.mop,,,./src/main/java/org/trendafilov/confucius/core/AbstractConfiguration.java,220,Falsealarm,N/A
567,ListIterator_Set.mop,,,./src/main/java/org/jsoup/helper/StringUtil.java,33,HardToInspect,N/A
568,ListIterator_Set.mop,,,./src/main/java/org/jsoup/helper/StringUtil.java,40,HardToInspect,N/A
569,Closeable_MultipleClose.mop,,,./src/main/java/com/fasterxml/jackson/databind/ObjectMapper.java,3060,Falsealarm,N/A
570,Enum_NoExtraWhiteSpace.mop,,,./src/main/java/net/hamnaberg/json/Version.java,19,Falsealarm,N/A
571,Closeable_MultipleClose.mop,,,./src/main/java/com/fasterxml/jackson/databind/ObjectMapper.java,3060,Falsealarm,N/A
572,Enum_NoExtraWhiteSpace.mop,,,./src/main/java/net/vivin/GenericTreeTraversalOrderEnum.java,8,Falsealarm,N/A
573,Reader_ManipulateAfterClose.mop,,,./src/main/java/com/fasterxml/jackson/dataformat/yaml/UTF8Reader.java,141,Falsealarm,N/A
574,Reader_ManipulateAfterClose.mop,,,./src/main/java/com/fasterxml/jackson/dataformat/yaml/UTF8Reader.java,149,Falsealarm,N/A
575,Closeable_MultipleClose.mop,,,./src/main/java/org/codehaus/jackson/map/ObjectMapper.java,2740,Falsealarm,N/A
576,Enum_NoExtraWhiteSpace.mop,,,./src/main/java/weiboclient4j/oauth2/ResponseType.java,6,Falsealarm,N/A
577,Enum_NoExtraWhiteSpace.mop,,,./src/main/java/weiboclient4j/params/BaseApp.java,9,Falsealarm,N/A
578,Enum_NoExtraWhiteSpace.mop,,,./src/main/java/weiboclient4j/params/FilterByAuthor.java,11,Falsealarm,N/A
579,Enum_NoExtraWhiteSpace.mop,,,./src/main/java/weiboclient4j/params/FilterBySource.java,11,Falsealarm,N/A
580,Enum_NoExtraWhiteSpace.mop,,,./src/main/java/weiboclient4j/params/FilterByType.java,11,Falsealarm,N/A
581,Enum_NoExtraWhiteSpace.mop,,,./src/main/java/weiboclient4j/params/NearbySortType.java,8,Falsealarm,N/A
582,Enum_NoExtraWhiteSpace.mop,,,./src/main/java/weiboclient4j/params/SchoolType.java,6,Falsealarm,N/A
583,Long_BadParsingArgs.mop,,,./src/main/java/weiboclient4j/params/Cid.java,18,Truebug,N/A
584,Long_BadParsingArgs.mop,,,./src/main/java/weiboclient4j/params/Id.java,22,Truebug,N/A
585,Long_BadParsingArgs.mop,,,./src/main/java/weiboclient4j/params/SourceUid.java,14,Truebug,N/A
586,Long_BadParsingArgs.mop,,,./src/main/java/weiboclient4j/params/Suid.java,14,Truebug,N/A
587,Long_BadParsingArgs.mop,,,./src/main/java/weiboclient4j/params/TagId.java,18,Truebug,N/A
588,Long_BadParsingArgs.mop,,,./src/main/java/weiboclient4j/params/TargetUid.java,14,Truebug,N/A
589,Long_BadParsingArgs.mop,,,./src/main/java/weiboclient4j/params/Uid.java,20,Truebug,N/A
590,URLConnection_Connect.mop,,,./src/main/java/org/scribe/model/Response.java,29,Falsealarm,N/A
591,StringTokenizer_HasMoreElements.mop,,,./src/main/java/com/soulgalore/crawler/guice/HttpClientProvider.java,147,Falsealarm,N/A
592,ByteArrayOutputStream_FlushBeforeRetrieve.mop,,,./src/main/java/com/ovea/jetty/session/serializer/jboss/serial/io/JBossObjectOutputStream.java,249,Falsealarm,N/A
593,ByteArrayOutputStream_FlushBeforeRetrieve.mop,,,./src/main/java/com/ovea/jetty/session/serializer/jboss/serial/io/MarshalledObject.java,52,Falsealarm,N/A
594,Enum_NoExtraWhiteSpace.mop,,,./src/main/java/org/raml/model/ActionType.java,18,Falsealarm,N/A
595,Enum_NoExtraWhiteSpace.mop,,,./src/main/java/org/raml/model/ParamType.java,22,Falsealarm,N/A
596,Enum_NoExtraWhiteSpace.mop,,,./src/main/java/org/raml/model/Protocol.java,18,Falsealarm,N/A
597,Enum_NoExtraWhiteSpace.mop,,,./src/main/java/org/raml/parser/utils/ConvertUtils.java,33,Falsealarm,N/A
598,Enum_NoExtraWhiteSpace.mop,,,./src/main/java/org/raml/parser/visitor/TupleType.java,18,Falsealarm,N/A
599,Socket_Timeout.mop,,,./src/main/java/org/asteriskjava/util/internal/SocketConnectionFacadeImpl.java,85,Falsealarm,N/A
600,Iterator_HasNext.mop,,,./src/main/java/org/asteriskjava/util/internal/SocketConnectionFacadeImpl.java,128,Falsealarm,N/A
601,InetSocketAddress_Port.mop,,,./src/main/java/org/asteriskjava/util/internal/SocketConnectionFacadeImpl.java,86,Falsealarm,N/A
602,Long_BadParsingArgs.mop,,,./src/main/java/org/asteriskjava/manager/response/ManagerResponse.java,277,Falsealarm,N/A
603,Long_BadParsingArgs.mop,,,./src/main/java/org/asteriskjava/manager/event/RtcpReceivedEvent.java,116,Truebug,N/A
604,Closeable_MultipleClose.mop,,,./src/main/java/org/asteriskjava/tools/HtmlEventTracer.java,162,Falsealarm,N/A
605,Enum_NoExtraWhiteSpace.mop,,,./src/main/java/bolt/web/coffee/types/CoffeeScriptType.java,35,Falsealarm,N/A
606,Enum_NoExtraWhiteSpace.mop,,,./src/main/java/org/masukomi/aspirin/core/store/queue/DeliveryState.java,9,Falsealarm,N/A
607,Enum_NoExtraWhiteSpace.mop,,,./src/main/java/bolt/web/coffee/util/FileType.java,31,Falsealarm,N/A
608,Map_UnsafeIterator.mop,,,./src/main/java/org/mozilla/javascript/JavaMembers.java,487,Falsealarm,N/A
609,Enum_NoExtraWhiteSpace.mop,,,./src/main/java/bolt/web/coffee/types/CoffeeSymbolType.java,42,Falsealarm,N/A
610,Enum_NoExtraWhiteSpace.mop,,,./src/main/java/bolt/web/coffee/types/CoffeeTokenType.java,36,Falsealarm,N/A
611,Object_MonitorOwner.mop,,,./src/main/java/com/google/inject/internal/ProcessedBindingData.java,50,HardToInspect,N/A
612,Enum_NoExtraWhiteSpace.mop,,,./src/main/java/org/masukomi/aspirin/core/listener/ResultState.java,3,Falsealarm,N/A
613,Closeable_MultipleClose.mop,,,./src/main/java/org/codehaus/jackson/map/ObjectMapper.java,2402,Falsealarm,N/A
614,StringTokenizer_HasMoreElements.mop,,,./src/main/java/com/github/jaiimageio/impl/plugins/png/CLibPNGMetadata.java,1936,Falsealarm,N/A
615,StringTokenizer_HasMoreElements.mop,,,./src/main/java/com/github/jaiimageio/impl/plugins/png/CLibPNGMetadata.java,1928,Falsealarm,N/A
616,Enum_NoExtraWhiteSpace.mop,,,./src/main/java/net/vidageek/crawler/Status.java,10,Falsealarm,N/A
617,Collections_SynchronizedCollection.mop,,,./src/main/java/org/apache/commons/lang3/CharSet.java,240,Truebug,In this case set is being accesed without using synchronized in the contains method,
618,Iterator_HasNext.mop,,,./src/main/java/org/apache/commons/lang3/ClassUtils.java,1435,Truebug,The nextSuperClass field calls next() without checking if hasnext exists leading to potential buggy behavior--especially since the method that calls a function that uses this potential null pointer calls a method,
619,Iterator_HasNext.mop,,,./src/main/java/org/apache/commons/lang3/ThreadUtils.java,223,Falsealarm,Potential issue with spec imprecision-- isEmpty() is called in exchange for hasNext-- which semantially should behave the same,
620,Iterator_HasNext.mop,,,./src/main/java/org/apache/commons/lang3/reflect/MethodUtils.java,806,Falsealarm,In the context of where this is being called i'd argue it is a false alarm (comment from devs //skip the declaring class :P) when .next() is called here there is guaranteed to be an element in the iterator,
621,ListIterator_hasNextPrevious.mop,,,./src/main/java/org/apache/commons/lang3/text/StrTokenizer.java,517,Falsealarm,hasnext is being overriden here next invokes hasnext in this context.
622,Iterator_HasNext.mop,,,./src/main/java/com/asana/iterator/ItemIterator.java,19,Falsealarm,overriden hasNext -- there is no apparent call to next that happens before hasnext here anyways,
623,Iterator_HasNext.mop,,,./src/main/java/com/asana/iterator/ItemIterator.java,25,Falsealarm,overriden hasNext -- not using built in,
624,Iterator_HasNext.mop,,,./src/main/java/com/asana/iterator/ItemIterator.java,27,Falsealarm,overriden hasNext,
625,ByteArrayOutputStream_FlushBeforeRetrieve.mop,,,./src/main/java/org/apache/commons/codec/binary/BaseNCodecOutputStream.java,78,Falsealarm,overriden for custom implementation,
626,ByteArrayOutputStream_FlushBeforeRetrieve.mop,,,./src/main/java/org/apache/commons/codec/binary/BaseNCodecOutputStream.java,79,Falsealarm,overriden for custom implementation,
627,ByteArrayOutputStream_FlushBeforeRetrieve.mop,,,./src/main/java/org/apache/commons/codec/binary/BaseNCodecOutputStream.java,106,Falsealarm,overriden for custom implementation,
628,ByteArrayOutputStream_FlushBeforeRetrieve.mop,,,./src/main/java/org/apache/commons/codec/binary/BaseNCodecOutputStream.java,128,Falsealarm,overriden for custom implementation,
629,Iterator_HasNext.mop,,,./src/main/java/org/apache/commons/codec/language/bm/Languages.java,102,Truebug,iterator().next being called without hasnext check on a base collection,
630,Iterator_HasNext.mop,,,./src/main/java/org/apache/commons/codec/language/bm/PhoneticEngine.java,451,HardToInspect,while iterator.hasNext() isn't called before next- the special context of this code makes me unlikely to believe a bug would be caused here primarily because two lists are working in tandem with this implementation where one list adds all elements to the other and the condition that exists before next checks to see if the other list (the one being added to) has a size of 1 which would imply that the original list whose iterator calls next should also have a size of 1,
631,OutputStream_ManipulateAfterClose.mop,,,./src/main/java/org/apache/commons/codec/binary/BaseNCodecOutputStream.java,78,Falsealarm,custom implementation that overrides existing close,
632,OutputStream_ManipulateAfterClose.mop,,,./src/main/java/org/apache/commons/codec/binary/BaseNCodecOutputStream.java,106,Falsealarm,N/A,
633,Closeable_MultipleClose.mop,,,./src/main/java/org/apache/commons/exec/DefaultExecutor.java,319,Falsealarm,Not really even sure why this was flagged--two seperate streams are closed (only tie to this might be error in 362),
634,Closeable_MultipleClose.mop,,,./src/main/java/org/apache/commons/exec/StreamPumper.java,115,Falsealarm,There appears to only be one close being called -- again not really sure why this is flagged,
635,OutputStream_ManipulateAfterClose.mop,,,./src/main/java/org/apache/commons/exec/PumpStreamHandler.java,199,Falsealarm,Flush seems to occur here before any close,
636,OutputStream_ManipulateAfterClose.mop,,,./src/main/java/org/apache/commons/exec/StreamPumper.java,108,Falsealarm,Any writes in this function occur before closing...,
637,Closeable_MultipleClose.mop,,,./src/main/java/org/apache/commons/fileupload2/FileUploadBase.java,874,Falsealarm,Only one close in method body,
638,Closeable_MultipleClose.mop,,,./src/main/java/org/apache/commons/fileupload2/MultipartStream.java,950,Falsealarm,Invokes a close function call that is public--close is overriden--doesn't seem like a likely bug,
639,InputStream_ManipulateAfterClose.mop,,,./src/main/java/org/apache/commons/fileupload2/MultipartStream.java,969,Falsealarm,Stream is customized--using available() after closing the input happens in an if else branch--possibly flagged by method header,
640,Closeable_MultipleClose.mop,,,./src/main/java/org/apache/commons/net/tftp/TFTPServer.java,486,Falsealarm,N/A,Seems like likely falsealarm
641,Iterator_RemoveOnce.mop,,,./src/main/java/org/apache/commons/net/ftp/parser/VMSVersioningFTPEntryParser.java,145,Falsealarm,While call to hasNext doenst happen--call to hasPrevious does--seems unlikely to be bug here,
642,StringTokenizer_HasMoreElements.mop,,,./src/main/java/org/apache/commons/net/ftp/parser/VMSFTPEntryParser.java,171,Falsealarm,countTokens called--same difference in functionality,
643,StringTokenizer_HasMoreElements.mop,,,./src/main/java/org/apache/commons/net/ftp/parser/VMSFTPEntryParser.java,174,Falsealarm,countTokens called--same difference in functionality,
644,Arrays_SortBeforeBinarySearch.mop,,,./src/main/java/org/apache/commons/validator/routines/DomainValidator.java,2309,HardToInspect,In this case while the spec may indicate an error it does seem that the callers are aware of this as they are passing an argument named sortedArray--provided that invokers agree to their own specification this seems like a Falsealarm they are likely avoiding resorting here but there might be a possible error,
645,Iterator_HasNext.mop,,,./src/main/java/com/google/testing/compile/TreeDiffer.java,276,Falsealarm,!isEmpty used in place for hasNext,
646,Iterator_HasNext.mop,,,./src/main/java/com/google/testing/compile/TreeDiffer.java,278,Falsealarm,!isEmpty used in place for hasNext,
647,Iterator_HasNext.mop,,,./src/main/java/com/google/testing/compile/TypeEnumerator.java,99,Falsealarm,isEmpty used in place for hasNext,
648,Iterator_HasNext.mop,,,./src/main/java/com/google/testing/compile/TypeEnumerator.java,87,Falsealarm,AssertionError gets thrown in the case where container doesn't have at least one element,
649,Iterator_HasNext.mop,,,./src/main/java/com/esotericsoftware/yamlbeans/YamlReader.java,344,HardToInspect,The logic for this function is very obfuscated -- would suggest check here because it is hard to follow and might be hard to maintain,
650,Iterator_HasNext.mop,,,./src/main/java/com/esotericsoftware/yamlbeans/emmitter/Emmitter.java,113,HardToInspect,It seems like it might be good to have a hasNext check for the first call to next but it also seems like the developers are very conscious about their development here,
651,Iterator_HasNext.mop,,,./src/main/java/com/esotericsoftware/yamlbeans/emmitter/Emmitter.java,114,Falsealarm,hasNext before invoking next using a loop--seems fine to me,
652,Reader_ManipulateAfterClose.mop,,,./src/main/java/com/esotericsoftware/yamlbeans/tokenizer/Tokenizer.java,237,Falsealarm,Guarded withing try catch--it seems the devs know that it is possible that this read occures after closing something,
653,ByteArrayOutputStream_FlushBeforeRetrieve.mop,,,./src/main/java/org/joda/beans/ser/bin/JodaBeanBinWriter.java,151,Truebug,ByteArrayOutputStream not flushed before the byte array is retrieved-leaving potential for error,
654,StringTokenizer_HasMoreElements.mop,,,./src/main/java/org/joda/time/tz/ZoneInfoCompiler.java,714,Falsealarm,countTokens called to check for more elements beforehand,
655,StringTokenizer_HasMoreElements.mop,,,./src/main/java/org/joda/time/tz/ZoneInfoCompiler.java,853,HardToInspect,N/A,It seems like while it might be good to call hasMoreTokens here I don't think it is a necessity because of how objects are being created in this class,
656,StringTokenizer_HasMoreElements.mop,,,./src/main/java/org/joda/time/tz/ZoneInfoCompiler.java,859,HardToInspect,N/A,It seems like while it might be good to call hasMoreTokens here I don't think it is a necessity because of how objects are being created in this class,
657,Iterator_HasNext.mop,,,./src/main/java/org/jscep/client/inspect/AbstractCertStoreInspector.java,81,Falsealarm,size used to enforce that there is a next element,
658,Closeable_MultipleClose.mop,,,./src/main/java/net/javacrumbs/json2xml/JsonXmlHelper.java,88,Falsealarm,Not even an object to close in the specified hash for this file?,
659,Closeable_MultipleClose.mop,,,./src/main/java/com/maxmind/geoip/LookupService.java,398,Falsealarm,file closed only once overloaded notation for close,
660,Closeable_MultipleClose.mop,,,./src/main/java/com/netcetera/trema/core/exporting/JsonExporter.java,105,Falsealarm,No closing is even done in this file,
661,Closeable_MultipleClose.mop,,,./src/main/java/com/netcetera/trema/core/importing/XLSFile.java,56,Falsealarm,Only one close being done here--not sure why this gets flagged--looks fine to me,
662,OutputStream_ManipulateAfterClose.mop,,,./src/main/java/com/netcetera/trema/core/exporting/JsonExporter.java,104,Falsealarm,The outputstream being used is created in the line before and not closed before writing to it,
663,ByteArrayOutputStream_FlushBeforeRetrieve.mop,,,./src/main/java/com/venky/core/util/ObjectUtil.java,79,Truebug,Flush before retrieving baos toByteArray,
664,Closeable_MultipleClose.mop,,,./src/main/java/com/venky/cache/Store.java,58,Falsealarm,close method invokes .close -- seems fine to me,
665,Closeable_MultipleClose.mop,,,./src/main/java/com/hp/autonomy/frontend/configuration/BaseConfigFileService.java,105,Falsealarm,This is related to IOException handling which seems irrelevant to this spec?,
666,Closeable_MultipleClose.mop,,,./src/main/java/com/hp/autonomy/frontend/configuration/BaseConfigFileService.java,131,Falsealarm,This is related to IOException handling which seems irrelevant to this spec?,
667,Closeable_MultipleClose.mop,,,./src/main/java/com/hp/autonomy/frontend/configuration/BaseConfigFileService.java,278,Falsealarm,This is related to IOException handling which seems irrelevant to this spec?,
668,StringTokenizer_HasMoreElements.mop,,,./src/main/java/org/codehaus/mojo/jaxb2/shared/environment/locale/LocaleFacet.java,121,Falsealarm,countTokens used here instead of hasMoreTokens,
669,StringTokenizer_HasMoreElements.mop,,,./src/main/java/org/codehaus/mojo/jaxb2/shared/version/DependsFileParser.java,215,Falsealarm,countTokens used here instead of hasMoreTokens,
670,StringTokenizer_HasMoreElements.mop,,,./src/main/java/org/codehaus/mojo/jaxb2/shared/version/DependsFileParser.java,174,Falsealarm,countTokens used here instead of hasMoreTokens,
671,ByteArrayOutputStream_FlushBeforeRetrieve.mop,,,./src/test/java/org/apache/commons/lang3/exception/ExceptionUtilsTest.java,378,Falsealarm,argument to printRootCauseStackTrace() is null and is not written to the empty ByteArrayOutputStream (function immeadiately returns),
672,ByteArrayOutputStream_FlushBeforeRetrieve.mop,,,./src/test/java/org/apache/commons/lang3/tuple/ImmutablePairTest.java,135,Truebug,flush() is not called before toByteArray() is called on a non-empty ByteArrayOutputStream (potential to affect test but seems to not currently),
673,ByteArrayOutputStream_FlushBeforeRetrieve.mop,,,./src/test/java/org/apache/commons/lang3/tuple/MutablePairTest.java,103,Truebug,flush() is not called before toByteArray() is called on a non-empty ByteArrayOutputStream (potential to affect test but seems to not currently),
674,CharSequence_UndefinedHashCode.mop,,,./src/test/java/org/apache/commons/lang3/text/StrBuilderTest.java,1839,Falsealarm,equals and hashCode overriden for custom implementation in StrBuilder,
675,CharSequence_UndefinedHashCode.mop,,,./src/test/java/org/apache/commons/lang3/text/StrBuilderTest.java,1871,Falsealarm,equals and hashCode overriden for custom implementation in StrBuilder,
676,Comparable_CompareToNull.mop,,,./src/test/java/org/apache/commons/lang3/math/FractionTest.java,1278,Falsealarm,test specifically tests that comparing to null throws a NPE,
677,Comparable_CompareToNull.mop,,,./src/test/java/org/apache/commons/lang3/mutable/MutableShortTest.java,112,Falsealarm,test specifically tests that comparing to null throws a NPE,
678,Iterator_HasNext.mop,,,./src/test/java/org/apache/commons/lang3/CharRangeTest.java,341,Falsealarm,test creates iterator on predefined range with 4 elements (specifically tests that hasNext() is false on the 5th call to next()),
679,Iterator_RemoveOnce.mop,,,./src/test/java/org/apache/commons/lang3/CharRangeTest.java,405,Falsealarm,test specifically tests that remove() on iterator throws an UnsupportedOperationException,
680,ListIterator_hasNextPrevious.mop,,,./src/test/java/org/apache/commons/lang3/text/StrBuilderTest.java,1684,Falsealarm,next() called on predefined test iterator with guaranteed next element,
681,Random_OverrideNext.mop,,,./src/test/java/org/apache/commons/lang3/RandomStringUtilsTest.java,1,HardToInspect,RandomStringUtils (class being tested) does not subclass Random so origin of violation is unclear but it provides its own next MethodUtils,
682,Reader_ManipulateAfterClose.mop,,,./src/test/java/org/apache/commons/lang3/text/StrBuilderTest.java,1737,Falsealarm,custom implementation of close() is overriden to do nothing,
683,Writer_ManipulateAfterClose.mop,,,./src/test/java/org/apache/commons/lang3/text/StrBuilderTest.java,1802,Falsealarm,custom implementation overrides close to do nothing (comment specifies that writer.write() works after close),
684,Writer_ManipulateAfterClose.mop,,,./src/test/java/org/apache/commons/lang3/text/StrBuilderTest.java,1806,Falsealarm,custom implementation overrides close to do nothing (previous comment specifies that writer.write() works after close),
685,ByteArrayOutputStream_FlushBeforeRetrieve.mop,,,./src/test/java/org/apache/commons/cli/bug/BugsTest.java,249,Falsealarm,ByteArrayOutputStream is empty and toString() is only called to get eol symbol (stream contents irrelevant),
686,ByteArrayOutputStream_FlushBeforeRetrieve.mop,,,./src/test/java/org/apache/commons/cli/bug/BugsTest.java,257,Falsealarm,ByteArrayOutputStream is empty and toString() is only called to get eol symbol (stream contents irrelevant),
687,ByteArrayOutputStream_FlushBeforeRetrieve.mop,,,./src/test/java/org/joda/money/TestBigMoney.java,865,Falsealarm,wrapper ObjectOutputStream created from ByteArrayOutputStream is closed before toByteArray() is invoked (closes underlying ByteArrayOutputStream),
688,ByteArrayOutputStream_FlushBeforeRetrieve.mop,,,./src/test/java/org/joda/money/TestCurrencyUnit.java,460,Falsealarm,wrapper ObjectOutputStream created from ByteArrayOutputStream is closed before toByteArray() is invoked (closes underlying ByteArrayOutputStream),
689,ByteArrayOutputStream_FlushBeforeRetrieve.mop,,,./src/test/java/org/joda/money/TestMoney.java,766,Falsealarm,wrapper ObjectOutputStream created from ByteArrayOutputStream is closed before toByteArray() is invoked (closes underlying ByteArrayOutputStream),
690,Closeable_MultipleClose.mop,,,./src/test/java/org/joda/money/TestBigMoney.java,865,Falsealarm,close() is only invoked once explicitly and multiple calls to close() are a no-op,
691,Closeable_MultipleClose.mop,,,./src/test/java/org/joda/money/TestCurrencyUnit.java,460,Falsealarm,close() is only invoked once explicitly and multiple calls to close() are a no-op,
692,Closeable_MultipleClose.mop,,,./src/test/java/org/joda/money/TestMoney.java,460,Falsealarm,close() is only invoked once explicitly and multiple calls to close() are a no-op,
693,Closeable_MultipleClose.mop,,,./src/test/java/org/joda/money/TestMoneyFormatter.java,105,Falsealarm,close() is only invoked once explicitly and multiple calls to close() are a no-op,
694,Comparable_CompareToNull.mop,,,/src/test/java/org/joda/money/TestCurrencyUnit.java,762,Falsealarm,test specifically tests that comparing to null throws a NPE,
695,Serializable_NoArgConstructor.mop,,,./src/test/java/org/joda/convert/TestGuavaTypeTokenStringConverter.java,1,Falsealarm,'serial' warning is suppresed via @SuppressWarnings (serialization not important for test),
696,Iterator_HasNext.mop,,,./test/java/com/esotericsoftware/yamlbeans/TagDirectiveTest.java,52,Falsealarm,next() called on predefined test iterator that is guaranteed to have a next element,
697,Iterator_HasNext.mop,,,./test/java/com/esotericsoftware/yamlbeans/YamlReaderTest.java,596,Falsealarm,test specifically tests that calling next() will throw a runtime exception,
698,Iterator_HasNext.mop,,,./test/java/com/esotericsoftware/yamlbeans/YamlReaderTest.java,170,Falsealarm,next() called on predefined test iterator that is guaranteed to have a next element,
699,Iterator_HasNext.mop,,,./test/java/com/esotericsoftware/yamlbeans/document/YamlDocumentTest.java,250,Falsealarm,test specifically tests that calling next() will throw a runtime exception,
700,Iterator_RemoveOnce.mop,,,./test/java/com/esotericsoftware/yamlbeans/YamlReaderTest.java,607,Falsealarm,test specifically tests that remove() should throw an exception,
701,Iterator_RemoveOnce.mop,,,./test/java/com/esotericsoftware/yamlbeans/document/YamlDocumentTest.java,262,Falsealarm,test specifically tests that remove() should throw an exception,
702,Closeable_MeaninglessClose.mop,,,./src/test/java/org/apache/commons/validator/routines/AbstractCalendarValidatorTest.java,214,Falsealarm,close() is unnecessarily called on ByteArrayInputStream but this is a no-op,
703,Iterator_HasNext,,,./src/test/java/org/apache/commons/fileupload2/FileItemHeadersTest.java,51,Falsealarm,next() called on predefined iterator over collection that is guaranteed to have a next element,
704,Iterator_HasNext,,,./src/test/java/org/apache/commons/fileupload2/SizesTest.java,82,Falsealarm,next() called on predefined iterator over collection that is guaranteed to have a next element,
705,Iterator_HasNext,,,./src/test/java/org/apache/commons/fileupload2/StreamingTest.java,62,Falsealarm,next() called on predefined iterator over collection that is guaranteed to have a next element,
706,Closeable_MultipleClose.mop,,,./src/test/java/com/fasterxml/jackson/dataformat/yaml/EventsTest.java,50,Falsealarm,close() is explicitly called once in the test and is a no-op (parser likely auto-closes stream after nextToken() becomes null),
707,Iterator_HasNext.mop,,,./src/test/java/com/fasterxml/jackson/dataformat/yaml/SimpleGenerationTest.java,96,Falsealarm,next() is called on a pre-defined iterator which is guaranteed to have a next element (checks that underlying iterator collection has 6 elements before invoking next()),
708,Closeable_MeaninglessClose.mop,,,./src/test/java/org/joda/beans/TestFlexiBean.java,49,Falsealarm,close() is not explicitly called in the test case (but would not affect correct behavior regardless),
709,Iterator_HasNext.mop,,,./src/test/java/org/joda/beans/TestMutableDerived.java,35,Falsealarm,next() called on predefined iterator over collection with more than 1 element,
710,Closeable_MeaninglessClose.mop,,,./src/test/java/org/joda/time/tz/TestCompiler.java,194,Falsealarm,close() called on InputStream() (no-op that does not cause incorrect behavior),
711,Comparable_CompareToNull.mop,,,./src/test/java/org/joda/time/TestBaseSingleFieldPeriod.java,260,Falsealarm,test specifically tests that comparing to null throws a NPE,
712,Iterator_HasNext.mop,,,./src/test/java/org/joda/time/tz/TestUTCProvider.java,63,Falsealarm,next() called on predefined iterator that is guaranteed to have 1 element,
713,Iterator_HasNext.mop,,,./src/test/java/org/jmxtrans/embedded/config/ConfigurationMergeTest.java,80,Falsealarm,next() called on predefined iterator that is guaranteed to have 1 element,
714,ByteArrayOutputStream_FlushBeforeRetrieve.mop,,,./src/test/java/org/apache/commons/codec/binary/Base16OutputStreamTest.java,136,Falsealarm,wrapped ByteArrayOutputStream() is flushed in call to write() on line 143,
715,Closeable_MeaninglessClose.mop,,,./src/test/java/org/apache/commons/codec/binary/Base16InputStreamTest.java,197,Falsealarm,input stream is closed in streamToBytes() which is a no-op,
716,Closeable_MultipleClose.mop,,,./src/test/java/org/apache/commons/codec/binary/Base16OutputStreamTest.java,138,Falsealarm,flush() only seems to be called once (in write()) but multiple calls is a no-op,
717,Closeable_MeaninglessClose.mop,,,./src/test/java/org/apache/commons/exec/DefaultExecutorTest.java,86,Falsealarm,close() always called on created ByteArrayOutputStream after every test run (no-op that would not change program behavior),
718,Closeable_MultipleClose.mop,,,./src/test/java/org/apache/commons/net/time/TimeTestSimpleServer.java,115,Falsealarm,close() is only explicitly invoked on outputStream once (no-op if invoked multiple times),
719,Iterator_HasNext.mop,,,./src/test/java/com/asana/ClientTest.java,106,Falsealarm,next() called on predefined test iterator that is guaranteed to have a next element,
720,Iterator_HasNext.mop,,,./src/test/java/com/asana/resources/EventsTest.java,99,Falsealarm,test specifically tests that calling next() will throw an error,
721,Iterator_HasNext.mop,,,./src/test/java/com/asana/resources/EventsTest.java,84,Falsealarm,test specifically tests that calling next() with invalid element will throw an error,
722,Iterator_HasNext.mop,,,./src/test/java/org/brunocvcunha/inutils4j/MyMapUtilsTest.java,42,Falsealarm,next() called on predefined test iterator that is guaranteed to have a next element,
723,Closeable_MeaninglessClose.mop,,,./src/test/java/cz/cvut/kbss/jsonld/jackson/serialization/JsonLdSerializationTest.java,97,Falsealarm,close() is not explicitly called in the test but is likely called in the parse() method of the parser that wraps the ByteArrayInputStream,
724,Closeable_MultipleClose.mop,,,./src/test/java/com/netcetera/trema/core/exporting/JsonExporterTest.java,142,Falsealarm, close() is invoked on a mockito instance of the abstract class OutputStream (underlying implementation unclear but operation would be no-op),
725,OutputStream_ManipulateAfterClose.mop,,,./src/test/java/com/netcetera/trema/core/exporting/JsonExporterTest.java,141,Falsealarm,close() is specified as the last operation on an output stream besides verifying that there are no more interactions with the output stream,
